sensor_id,geo_feature,feature_type,buffer_size,count
60353,highway,turning_circle,1000,38
119567,highway,motorway_junction,500,1
60353,highway,bus_stop,1000,5
69447,highway,turning_circle,500,7
14161,highway,crossing,500,28
56545,highway,bus_stop,1000,12
139716,highway,traffic_signals,500,4
51569,highway,crossing,1000,8
122079,highway,stop,500,22
96949,highway,traffic_signals,1000,8
82265,highway,turning_circle,1000,6
51681,highway,turning_circle,1000,28
48633,highway,stop,1000,19
61015,highway,crossing,1000,1
80691,highway,turning_circle,1000,9
81047,highway,turning_circle,500,5
101221,highway,bus_stop,1000,5
70701,highway,bus_stop,500,2
85823,highway,traffic_signals,100,4
82079,highway,stop,500,11
87345,highway,turning_circle,1000,1
20085,highway,turning_circle,1000,19
60663,highway,bus_stop,1000,20
113066,highway,trailhead,1000,1
4431,highway,turning_circle,1000,27
60105,highway,crossing,500,4
94955,highway,traffic_signals,500,20
109718,highway,crossing,500,7
71503,highway,bus_stop,1000,21
67983,highway,crossing,500,1
60455,highway,crossing,1000,1
2653,highway,turning_circle,1000,16
89847,highway,traffic_signals,1000,9
2350,highway,crossing,1000,26
80583,highway,crossing,1000,1
104460,highway,traffic_signals,500,2
85081,highway,traffic_signals,1000,9
22963,highway,turning_circle,500,2
69197,highway,bus_stop,1000,8
18883,highway,crossing,1000,178
70669,highway,stop,500,6
65259,highway,stop,500,6
19335,highway,crossing,1000,25
66183,highway,stop,1000,22
66183,highway,bus_stop,500,13
104432,highway,turning_loop,1000,1
2362,highway,traffic_signals,500,6
83549,highway,traffic_signals,500,8
83549,highway,crossing,1000,256
75775,highway,turning_loop,1000,1
85015,highway,turning_circle,1000,34
83227,highway,turning_circle,1000,21
14063,highway,crossing,1000,1
85823,highway,crossing,1000,239
55463,highway,crossing,1000,124
16541,highway,traffic_signals,1000,21
121439,highway,turning_circle,100,2
6244,highway,turning_circle,1000,7
82863,highway,turning_circle,1000,9
28425,highway,crossing,1000,76
2653,highway,bus_stop,1000,15
89847,highway,bus_stop,1000,31
48633,highway,bus_stop,500,3
92029,highway,crossing,1000,60
19157,highway,bus_stop,100,2
87779,highway,turning_circle,1000,9
75021,highway,turning_circle,500,2
75061,highway,turning_circle,500,2
75021,highway,bus_stop,500,4
14885,highway,turning_loop,1000,1
69447,highway,stop,100,2
68669,highway,give_way,1000,4
121439,highway,give_way,1000,3
75775,highway,turning_loop,500,1
98865,highway,bus_stop,1000,16
91335,highway,crossing,500,9
82265,highway,turning_loop,1000,1
80691,highway,traffic_signals,1000,9
70701,highway,stop,500,45
73853,highway,turning_circle,1000,17
76377,highway,traffic_signals,1000,2
53299,highway,crossing,1000,223
19613,highway,stop,500,7
115705,highway,turning_circle,1000,3
53517,highway,traffic_signals,500,15
77807,highway,traffic_signals,1000,16
82079,highway,stop,1000,37
89751,highway,turning_circle,500,3
79617,highway,traffic_signals,1000,2
82863,highway,traffic_signals,1000,6
122079,highway,stop,100,1
62291,highway,turning_circle,500,1
69207,highway,traffic_signals,1000,1
70009,highway,turning_circle,1000,4
119567,highway,crossing,1000,30
94955,highway,give_way,1000,13
63421,highway,crossing,1000,8
37849,highway,crossing,100,5
36111,highway,motorway_junction,1000,1
38371,highway,crossing,1000,65
120513,highway,crossing,500,19
36111,highway,crossing,500,22
62493,highway,turning_circle,1000,12
9168,highway,stop,500,1
55449,highway,bus_stop,500,1
60353,highway,motorway_junction,1000,1
63469,highway,turning_circle,500,5
83641,highway,elevator,500,1
65747,highway,turning_circle,1000,14
65259,highway,traffic_signals,1000,3
104432,highway,bus_stop,500,14
59873,highway,turning_loop,500,1
37923,highway,turning_circle,1000,34
77711,highway,traffic_signals,1000,2
75529,highway,crossing,500,5
91335,highway,turning_circle,500,6
65223,highway,turning_circle,500,12
119505,highway,crossing,1000,7
110494,highway,turning_circle,100,1
66029,highway,turning_circle,500,4
22963,highway,stop,1000,110
113160,highway,turning_circle,500,1
60353,highway,crossing,1000,102
19153,highway,bus_stop,500,23
113052,highway,bus_stop,1000,6
62493,highway,traffic_signals,1000,2
114557,highway,turning_circle,500,4
26379,highway,bus_stop,1000,3
49327,highway,stop,1000,7
6218,highway,traffic_signals,500,3
9168,highway,crossing,1000,29
73853,highway,turning_circle,500,3
19157,highway,crossing,1000,349
57887,highway,motorway_junction,1000,1
80691,highway,bus_stop,1000,59
114889,highway,bus_stop,500,5
18287,highway,stop,1000,57
112688,highway,turning_circle,500,4
104432,highway,bus_stop,1000,47
72609,highway,stop,1000,1
134440,highway,turning_circle,1000,2
77049,highway,turning_loop,1000,9
82863,highway,turning_circle,500,1
83041,highway,bus_stop,1000,1
6228,highway,crossing,1000,3
55449,highway,street_lamp,1000,2
143602,highway,crossing,1000,4
40471,highway,mini_roundabout,1000,1
94955,highway,stop,1000,118
16073,highway,give_way,1000,6
110494,highway,crossing,1000,22
69909,highway,give_way,1000,1
78267,highway,crossing,1000,10
22459,highway,turning_circle,500,3
11844,highway,crossing,500,1
19511,highway,traffic_signals,500,5
4103,highway,traffic_signals,1000,7
122079,highway,turning_circle,1000,4
12719,highway,crossing,500,6
6228,highway,traffic_signals,500,7
104460,highway,street_lamp,500,31
32537,highway,bus_stop,1000,4
92029,highway,stop,1000,82
99657,highway,crossing,500,43
83641,highway,crossing,1000,57
60105,highway,bus_stop,1000,5
54169,highway,crossing,500,1
74161,highway,traffic_signals,1000,11
17839,highway,turning_circle,1000,20
85823,highway,stop,500,7
104718,highway,motorway_junction,500,1
62455,highway,bus_stop,1000,11
11844,highway,give_way,1000,1
121439,highway,traffic_signals,1000,15
25507,highway,traffic_signals,1000,8
25507,highway,stop,1000,61
6228,highway,turning_circle,500,5
73853,highway,stop,1000,17
69197,highway,crossing,1000,145
57887,highway,bus_stop,500,4
110080,highway,bus_stop,1000,6
53299,highway,bus_stop,1000,9
77807,highway,crossing,1000,88
103850,highway,crossing,500,26
113206,highway,crossing,500,8
69451,highway,stop,1000,8
26379,highway,turning_circle,100,1
37197,highway,traffic_signals,1000,2
55277,highway,motorway_junction,500,3
8334,highway,stop,500,8
61015,highway,bus_stop,100,1
19157,highway,bus_stop,1000,27
37009,highway,crossing,1000,56
111998,highway,crossing,1000,68
73689,highway,bus_stop,1000,13
74161,highway,stop,500,2
110036,highway,bus_stop,500,1
111590,highway,bus_stop,100,3
62419,highway,crossing,1000,1
78787,highway,turning_circle,1000,1
77049,highway,stop,1000,1
90819,highway,stop,500,5
64763,highway,bus_stop,1000,1
109718,highway,crossing,1000,13
101221,highway,trailhead,1000,1
76683,highway,crossing,500,27
73853,highway,bus_stop,1000,6
113206,highway,turning_circle,1000,1
113052,highway,crossing,500,1
70097,highway,steps,500,1
25507,highway,turning_circle,1000,20
51681,highway,bus_stop,1000,1
14973,highway,bus_stop,1000,31
72817,highway,bus_stop,1000,15
19157,highway,traffic_signals,1000,19
53299,highway,traffic_signals,1000,10
104672,highway,crossing,1000,413
19573,highway,give_way,1000,2
39663,highway,traffic_signals,1000,5
69909,highway,turning_circle,1000,1
114557,highway,turning_circle,1000,20
11844,highway,traffic_signals,1000,2
98865,highway,stop,1000,17
124099,highway,traffic_signals,100,1
98085,highway,turning_circle,500,1
2350,highway,traffic_signals,1000,18
53299,highway,crossing,100,5
98713,highway,bus_stop,1000,7
108138,highway,bus_stop,1000,10
84207,highway,stop,1000,5
37009,highway,stop,1000,15
37849,highway,bus_stop,100,1
64795,highway,stop,1000,1
104432,highway,crossing,100,8
69451,highway,crossing,1000,57
131077,highway,crossing,1000,2
51681,highway,bus_stop,500,1
32537,highway,turning_circle,500,1
32537,highway,stop,500,4
51565,highway,turning_loop,1000,2
6222,highway,stop,1000,2
84357,highway,motorway_junction,1000,1
22963,highway,traffic_signals,1000,13
37849,highway,traffic_signals,1000,39
112834,highway,traffic_signals,1000,20
114379,highway,crossing,500,2
19157,highway,turning_loop,1000,1
65437,highway,street_lamp,500,2
65259,highway,traffic_signals,500,3
62419,highway,turning_circle,500,5
26561,highway,give_way,1000,2
70007,highway,crossing,100,5
20547,highway,turning_circle,100,1
73533,highway,stop,1000,1
15123,highway,stop,1000,1
12857,highway,mini_roundabout,1000,1
103960,highway,turning_circle,1000,6
110792,highway,bus_stop,100,1
83041,highway,trailhead,1000,1
40827,highway,bus_stop,1000,10
79213,highway,crossing,1000,8
76377,highway,turning_circle,100,2
37849,highway,stop,100,1
57787,highway,traffic_signals,1000,24
65437,highway,bus_stop,1000,37
76683,highway,stop,100,1
56777,highway,stop,1000,22
18453,highway,traffic_signals,1000,4
75021,highway,crossing,500,2
68669,highway,stop,500,9
72081,highway,crossing,1000,1
83041,highway,stop,1000,4
69599,highway,turning_circle,1000,36
90465,highway,crossing,100,4
139716,highway,stop,500,12
63421,highway,turning_circle,500,3
110080,highway,turning_loop,1000,1
94955,highway,crossing,100,5
73743,highway,crossing,1000,11
18883,highway,crossing,500,56
39663,highway,crossing,1000,49
82055,highway,stop,1000,8
109324,highway,traffic_signals,1000,3
22067,highway,traffic_signals,1000,1
78267,highway,turning_circle,1000,38
4445,highway,turning_circle,1000,27
65723,highway,traffic_signals,1000,24
111590,highway,bus_stop,1000,39
18287,highway,give_way,1000,2
69519,highway,turning_circle,1000,2
73533,highway,turning_circle,500,5
52981,highway,turning_circle,1000,11
4417,highway,stop,1000,6
4417,highway,stop,500,4
4417,highway,bus_stop,1000,1
122079,highway,bus_stop,1000,1
51577,highway,stop,500,1
19613,highway,turning_circle,1000,22
92029,highway,bus_stop,500,5
65227,highway,turning_circle,1000,17
19335,highway,traffic_signals,500,2
70097,highway,traffic_signals,1000,1
70449,highway,traffic_signals,500,2
80735,highway,crossing,500,3
87815,highway,stop,1000,20
121439,highway,traffic_signals,500,7
76597,highway,traffic_signals,500,2
1212,highway,stop,1000,72
89847,highway,motorway_junction,500,2
25507,highway,crossing,500,2
20721,highway,traffic_signals,500,13
73689,highway,turning_circle,1000,9
104708,highway,stop,1000,1
76683,highway,stop,500,69
38371,highway,stop,500,2
37725,highway,traffic_signals,1000,25
35809,highway,street_lamp,500,2
76465,highway,turning_circle,1000,20
6244,highway,traffic_signals,500,2
113877,highway,turning_loop,1000,1
81047,highway,traffic_signals,500,4
4431,highway,crossing,1000,96
104432,highway,stop,1000,29
36111,highway,stop,500,7
82991,highway,crossing,500,66
110036,highway,turning_circle,500,1
69909,highway,bus_stop,1000,86
103850,highway,bus_stop,1000,31
109324,highway,bus_stop,1000,24
136698,highway,crossing,500,3
62185,highway,bus_stop,1000,9
131077,highway,bus_stop,500,4
61015,highway,bus_stop,500,9
90819,highway,bus_stop,1000,2
37009,highway,motorway_junction,1000,3
63421,highway,motorway_junction,1000,2
111998,highway,turning_circle,500,2
112310,highway,turning_circle,500,8
66029,highway,stop,1000,6
69197,highway,stop,1000,81
73689,highway,crossing,1000,206
73667,highway,stop,500,52
59873,highway,turning_circle,500,4
11416,highway,stop,500,7
87815,highway,traffic_signals,1000,13
70007,highway,bus_stop,1000,7
86887,highway,stop,1000,2
28425,highway,traffic_signals,1000,7
139716,highway,crossing,1000,1
65223,highway,bus_stop,1000,7
34523,highway,traffic_signals,1000,11
70701,highway,stop,100,2
37703,highway,turning_circle,1000,14
104672,highway,give_way,1000,8
70669,highway,stop,100,1
113206,highway,bus_stop,1000,48
55463,highway,turning_circle,1000,7
51681,highway,motorway_junction,1000,1
51371,highway,stop,1000,1
110318,highway,bus_stop,1000,12
61015,highway,crossing,500,1
40471,highway,stop,500,12
101221,highway,traffic_signals,1000,19
75739,highway,stop,500,10
19613,highway,turning_circle,500,7
92029,highway,bus_stop,1000,13
87779,highway,traffic_signals,500,5
18287,highway,bus_stop,1000,41
70449,highway,crossing,1000,7
12719,highway,turning_circle,1000,2
89911,highway,bus_stop,1000,21
14973,highway,bus_stop,500,11
122079,highway,give_way,500,4
113877,highway,turning_circle,1000,1
76683,highway,traffic_signals,1000,22
60007,highway,bus_stop,1000,11
37703,highway,crossing,1000,126
70669,highway,stop,1000,7
86911,highway,turning_circle,1000,25
35809,highway,stop,1000,13
18287,highway,elevator,1000,1
108138,highway,traffic_signals,500,3
2350,highway,turning_circle,100,1
79617,highway,turning_circle,1000,16
124099,highway,crossing,1000,2
98713,highway,turning_loop,1000,1
70009,highway,motorway_junction,1000,5
97693,highway,bus_stop,1000,95
84357,highway,crossing,1000,2
67459,highway,traffic_signals,1000,10
67779,highway,crossing,500,21
37703,highway,crossing,500,1
114557,highway,traffic_signals,1000,6
89751,highway,turning_circle,1000,3
2362,highway,traffic_signals,1000,23
98713,highway,crossing,1000,6
65437,highway,traffic_signals,1000,31
22461,highway,turning_circle,1000,25
18481,highway,crossing,1000,14
54169,highway,turning_loop,1000,3
61235,highway,motorway_junction,1000,3
113052,highway,turning_circle,100,2
19153,highway,traffic_signals,1000,104
104718,highway,traffic_signals,500,12
77807,highway,bus_stop,1000,82
63991,highway,bus_stop,1000,70
112242,highway,crossing,1000,16
9168,highway,traffic_signals,500,2
16541,highway,stop,1000,61
121439,highway,crossing,500,12
108138,highway,stop,1000,2
73667,highway,crossing,1000,392
22963,highway,crossing,1000,195
19047,highway,stop,500,16
16073,highway,bus_stop,1000,28
82055,highway,traffic_signals,1000,25
18287,highway,traffic_signals,1000,16
35809,highway,stop,500,1
75021,highway,give_way,1000,1
11416,highway,turning_loop,1000,1
48633,highway,turning_circle,1000,9
55277,highway,turning_circle,1000,7
60663,highway,crossing,500,29
73743,highway,stop,500,2
65437,highway,priority,1000,52
69207,highway,turning_circle,500,9
101221,highway,traffic_signals,500,9
85081,highway,stop,100,1
53517,highway,stop,1000,26
63991,highway,turning_circle,1000,3
71503,highway,bus_stop,500,5
67983,highway,turning_circle,500,3
113292,highway,turning_circle,500,4
65223,highway,turning_circle,1000,31
12857,highway,motorway_junction,500,1
112332,highway,turning_circle,100,1
90819,highway,traffic_signals,500,1
51371,highway,turning_circle,100,1
51371,highway,traffic_signals,500,2
4445,highway,stop,500,1
65437,highway,turning_circle,1000,3
57887,highway,bus_stop,1000,9
71503,highway,stop,1000,8
82079,highway,traffic_signals,1000,70
97693,highway,stop,1000,40
37725,highway,crossing,500,66
103850,highway,bus_stop,500,14
56545,highway,stop,100,3
39665,highway,crossing,500,13
26561,highway,street_lamp,1000,1
60455,highway,bus_stop,500,4
122079,highway,traffic_signals,1000,25
1680,highway,turning_circle,1000,36
89847,highway,crossing,500,4
84997,highway,stop,1000,33
115705,highway,traffic_signals,1000,21
36111,highway,elevator,1000,1
114189,highway,bus_stop,500,10
38747,highway,turning_circle,500,3
77711,highway,stop,1000,4
119505,highway,turning_circle,500,2
92173,highway,turning_circle,1000,2
121453,highway,stop,1000,31
6228,highway,stop,1000,9
16073,highway,stop,1000,209
20165,highway,stop,500,18
70701,highway,turning_circle,1000,1
81047,highway,bus_stop,1000,11
67459,highway,bus_stop,1000,12
87779,highway,crossing,1000,47
85823,highway,traffic_signals,1000,64
17839,highway,turning_circle,500,6
67403,highway,turning_circle,100,1
87815,highway,bus_stop,500,5
27723,highway,turning_circle,500,5
20085,highway,turning_circle,100,1
4417,highway,turning_circle,1000,5
110602,highway,traffic_signals,1000,2
29201,highway,crossing,500,93
70701,highway,crossing,1000,87
113052,highway,turning_circle,500,24
113206,highway,traffic_signals,1000,43
85867,highway,crossing,500,99
65723,highway,crossing,500,72
77807,highway,crossing,500,2
78107,highway,turning_circle,1000,14
55277,highway,stop,1000,79
90819,highway,crossing,500,8
81731,highway,trailhead,1000,1
61193,highway,crossing,500,76
119567,highway,traffic_signals,1000,15
19157,highway,traffic_signals,100,1
60829,highway,turning_circle,1000,25
76377,highway,crossing,500,2
82991,highway,stop,500,11
37725,highway,traffic_signals,500,12
111590,highway,crossing,1000,140
22067,highway,stop,1000,10
19153,highway,steps,1000,1
86911,highway,crossing,1000,6
14117,highway,turning_loop,1000,1
14117,highway,turning_circle,1000,1
6244,highway,stop,500,1
6244,highway,turning_circle,500,2
32537,highway,stop,1000,15
37703,highway,motorway_junction,1000,1
70009,highway,crossing,1000,106
37703,highway,turning_loop,500,7
109718,highway,turning_circle,500,7
86273,highway,stop,1000,7
62291,highway,bus_stop,500,19
16073,highway,bus_stop,500,11
19613,highway,crossing,1000,8
113160,highway,turning_loop,1000,2
71503,highway,stop,500,3
51301,highway,bus_stop,1000,64
15669,highway,turning_circle,1000,3
87815,highway,crossing,500,7
12719,highway,traffic_signals,1000,3
40827,highway,turning_circle,1000,16
55325,highway,turning_circle,1000,9
124099,highway,stop,1000,2
16541,highway,give_way,1000,1
60105,highway,stop,1000,45
66029,highway,crossing,1000,4
14885,highway,stop,1000,2
85867,highway,stop,1000,14
120513,highway,bus_stop,1000,6
3265,highway,turning_circle,500,1
61321,highway,turning_circle,1000,15
111940,highway,turning_circle,1000,18
38747,highway,crossing,500,1
112366,highway,bus_stop,1000,7
89911,highway,street_lamp,500,1
19507,highway,crossing,500,16
89725,highway,turning_circle,500,1
55969,highway,bus_stop,1000,2
61193,highway,stop,1000,192
128231,highway,stop,1000,18
79177,highway,turning_circle,1000,26
53299,highway,crossing,500,69
64795,highway,crossing,1000,9
55277,highway,stop,500,26
91335,highway,bus_stop,1000,2
4103,highway,crossing,500,15
95961,highway,crossing,1000,3
76683,highway,turning_circle,1000,4
37849,highway,bus_stop,1000,41
80691,highway,stop,1000,4
69197,highway,stop,100,1
82055,highway,traffic_signals,500,2
22067,highway,crossing,1000,9
53517,highway,traffic_signals,1000,66
35809,highway,traffic_signals,500,18
112688,highway,bus_stop,100,2
35809,highway,street_lamp,1000,2
79337,highway,stop,500,17
108138,highway,turning_circle,1000,13
50093,highway,turning_circle,500,3
103960,highway,turning_circle,100,1
6218,highway,turning_circle,500,1
89725,highway,stop,1000,1
40471,highway,crossing,1000,86
83641,highway,turning_circle,1000,28
37849,highway,priority,500,10
63469,highway,stop,1000,117
19573,highway,crossing,1000,48
80691,highway,bus_stop,500,2
20165,highway,crossing,500,40
90925,highway,turning_loop,1000,1
82079,highway,motorway_junction,1000,2
69909,highway,traffic_signals,500,32
111590,highway,stop,1000,15
51301,highway,bus_stop,500,15
65227,highway,crossing,1000,1
115705,highway,crossing,500,51
65259,highway,bus_stop,100,1
61619,highway,crossing,1000,1
56545,highway,traffic_signals,1000,13
62493,highway,turning_circle,500,6
72081,highway,traffic_signals,1000,2
81731,highway,turning_circle,500,3
19511,highway,motorway_junction,500,3
76597,highway,stop,500,1
14973,highway,crossing,1000,94
64763,highway,turning_loop,1000,2
90819,highway,crossing,1000,36
121453,highway,street_lamp,100,1
143602,highway,crossing,500,2
53151,highway,bus_stop,1000,1
99657,highway,bus_stop,1000,12
54169,highway,stop,1000,1
20165,highway,give_way,1000,2
37009,highway,bus_stop,500,3
87779,highway,bus_stop,500,9
78031,highway,bus_stop,1000,1
112366,highway,give_way,1000,1
84207,highway,turning_circle,100,1
49327,highway,turning_circle,1000,6
101221,highway,crossing,1000,115
86407,highway,stop,1000,5
69197,highway,stop,500,22
81047,highway,traffic_signals,1000,9
4431,highway,bus_stop,1000,16
75061,highway,motorway_junction,1000,3
18453,highway,turning_circle,1000,15
62185,highway,stop,500,2
92019,highway,turning_loop,1000,1
86129,highway,turning_circle,500,3
19601,highway,turning_circle,1000,5
110318,highway,bus_stop,500,2
69835,highway,crossing,500,8
73667,highway,bus_stop,500,4
18453,highway,motorway_junction,1000,7
53517,highway,turning_circle,500,2
110324,highway,turning_circle,500,8
78015,highway,stop,1000,1
6222,highway,traffic_signals,1000,1
143602,highway,turning_circle,1000,22
61015,highway,turning_circle,500,1
72573,highway,turning_loop,500,1
55277,highway,crossing,500,1
73743,highway,turning_loop,1000,16
73667,highway,priority,1000,56
83641,highway,turning_circle,100,1
22461,highway,crossing,500,17
18883,highway,bus_stop,500,2
53517,highway,stop,500,8
26379,highway,stop,500,21
67403,highway,turning_circle,1000,33
70637,highway,crossing,500,3
119667,highway,motorway_junction,1000,2
78787,highway,turning_circle,500,1
32537,highway,turning_circle,1000,6
1680,highway,traffic_signals,1000,8
97925,highway,crossing,1000,2
67779,highway,traffic_signals,500,1
120853,highway,turning_circle,500,7
111590,highway,traffic_signals,500,10
85867,highway,traffic_signals,100,1
114189,highway,trailhead,1000,1
83549,highway,stop,1000,16
79617,highway,stop,500,7
90465,highway,stop,1000,27
61015,highway,turning_circle,1000,1
76597,highway,crossing,1000,125
83549,highway,street_lamp,1000,2
61193,highway,stop,500,47
20165,highway,motorway_junction,500,2
62291,highway,bus_stop,1000,97
73667,highway,crossing,500,99
86407,highway,crossing,1000,7
80691,highway,street_lamp,1000,1
22067,highway,turning_circle,1000,8
78041,highway,turning_circle,500,5
65747,highway,traffic_signals,1000,1
78041,highway,bus_stop,1000,52
65723,highway,bus_stop,100,2
61619,highway,crossing,500,1
77711,highway,traffic_signals,500,2
76597,highway,stop,1000,13
135134,highway,stop,1000,11
78615,highway,turning_circle,1000,26
143602,highway,turning_circle,500,6
64857,highway,turning_circle,100,1
19047,highway,traffic_signals,500,1
86273,highway,turning_circle,500,4
73689,highway,crossing,500,37
14885,highway,turning_circle,1000,7
19153,highway,bus_stop,100,1
39665,highway,motorway_junction,500,1
62419,highway,bus_stop,1000,11
72817,highway,traffic_signals,1000,8
72817,highway,stop,500,2
64857,highway,turning_circle,500,2
78107,highway,crossing,100,1
118569,highway,bus_stop,1000,3
48633,highway,bus_stop,1000,28
135134,highway,crossing,500,1
94955,highway,traffic_signals,1000,59
37849,highway,traffic_signals,500,4
112008,highway,stop,1000,6
78041,highway,traffic_signals,1000,1
76683,highway,traffic_signals,500,1
85867,highway,bus_stop,1000,96
104718,highway,street_lamp,1000,6
78267,highway,street_lamp,1000,24
37197,highway,crossing,1000,1
90799,highway,turning_loop,1000,2
83549,highway,bus_stop,500,5
76465,highway,bus_stop,1000,8
113066,highway,crossing,1000,3
37849,highway,stop,1000,185
134314,highway,turning_circle,1000,14
80519,highway,stop,1000,1
134314,highway,turning_circle,100,1
110666,highway,stop,1000,12
104432,highway,stop,500,8
65723,highway,traffic_signals,500,1
22067,highway,give_way,1000,1
55463,highway,crossing,500,24
84207,highway,turning_circle,500,13
37271,highway,crossing,1000,51
122079,highway,crossing,500,17
12719,highway,bus_stop,100,2
25507,highway,street_lamp,1000,37
37271,highway,crossing,500,13
64763,highway,stop,500,5
114889,highway,turning_circle,100,1
37849,highway,crossing,500,184
99657,highway,crossing,1000,172
103850,highway,stop,1000,6
87815,highway,turning_circle,1000,11
76355,highway,stop,1000,2
2653,highway,stop,500,8
121439,highway,turning_circle,500,9
76597,highway,turning_circle,1000,10
135134,highway,turning_circle,100,2
64763,highway,crossing,1000,78
76597,highway,bus_stop,1000,6
128231,highway,crossing,500,52
60353,highway,crossing,500,30
83641,highway,motorway_junction,1000,3
56777,highway,crossing,1000,183
114889,highway,stop,500,6
77807,highway,traffic_signals,500,8
64469,highway,turning_circle,1000,28
62419,highway,stop,1000,2
48067,highway,turning_circle,100,2
114557,highway,bus_stop,500,2
40827,highway,traffic_signals,1000,15
121453,highway,stop,500,9
128231,highway,turning_circle,500,2
37703,highway,traffic_signals,1000,9
70009,highway,traffic_signals,500,8
19157,highway,turning_circle,500,10
134314,highway,turning_circle,500,3
73853,highway,crossing,1000,11
94955,highway,stop,500,17
112008,highway,crossing,1000,28
82991,highway,traffic_signals,1000,10
104718,highway,motorway_junction,1000,5
51301,highway,crossing,500,120
70097,highway,steps,1000,1
56545,highway,crossing,100,5
113292,highway,crossing,1000,1
69599,highway,traffic_signals,1000,15
67779,highway,traffic_signals,1000,1
73689,highway,motorway_junction,500,1
56777,highway,traffic_signals,500,2
19573,highway,stop,500,12
78819,highway,crossing,100,8
70471,highway,stop,500,1
53517,highway,crossing,1000,232
37725,highway,bus_stop,1000,63
11416,highway,bus_stop,1000,2
112242,highway,turning_loop,1000,1
104460,highway,traffic_signals,1000,4
40827,highway,turning_loop,1000,3
77049,highway,bus_stop,1000,2
6218,highway,crossing,500,13
78819,highway,traffic_signals,1000,7
19573,highway,stop,1000,38
86407,highway,stop,500,1
92029,highway,stop,100,1
70009,highway,bus_stop,1000,15
104432,highway,traffic_signals,1000,12
114189,highway,turning_circle,100,1
97693,highway,crossing,500,34
65259,highway,turning_circle,500,4
71525,highway,stop,1000,1
17839,highway,bus_stop,1000,2
78267,highway,crossing,500,3
22459,highway,traffic_signals,1000,4
39665,highway,turning_circle,500,12
110324,highway,turning_circle,1000,19
118965,highway,stop,1000,15
60455,highway,bus_stop,1000,11
52981,highway,traffic_signals,1000,4
113066,highway,mini_roundabout,500,1
89725,highway,bus_stop,500,11
114379,highway,stop,1000,8
37849,highway,crossing,1000,703
60829,highway,turning_circle,500,8
75739,highway,stop,1000,11
112310,highway,crossing,1000,12
110494,highway,crossing,500,8
104672,highway,crossing,100,4
63991,highway,stop,500,6
59873,highway,turning_loop,1000,1
39663,highway,stop,500,1
80735,highway,traffic_signals,500,4
11416,highway,turning_circle,500,2
61321,highway,crossing,1000,1
28425,highway,stop,1000,20
125965,highway,crossing,1000,2
98713,highway,turning_loop,500,1
19573,highway,turning_circle,1000,5
79177,highway,stop,1000,10
85081,highway,turning_circle,500,6
83641,highway,stop,1000,45
70701,highway,crossing,500,30
67459,highway,crossing,500,27
69909,highway,crossing,1000,455
85867,highway,traffic_signals,1000,53
82079,highway,crossing,500,72
14161,highway,turning_circle,1000,3
77711,highway,turning_circle,1000,43
64469,highway,turning_circle,100,1
70097,highway,crossing,1000,62
15669,highway,turning_circle,500,1
82847,highway,turning_circle,1000,23
50093,highway,turning_circle,1000,20
121453,highway,bus_stop,1000,6
78107,highway,bus_stop,1000,7
114889,highway,crossing,1000,45
73755,highway,traffic_signals,500,3
90925,highway,crossing,500,7
60829,highway,bus_stop,1000,11
114889,highway,street_lamp,1000,11
19613,highway,bus_stop,1000,5
19573,highway,turning_loop,500,1
54169,highway,crossing,1000,2
136698,highway,stop,1000,3
75529,highway,traffic_signals,1000,2
72081,highway,motorway_junction,500,2
11416,highway,traffic_signals,500,1
70449,highway,bus_stop,1000,14
27723,highway,turning_circle,1000,28
6244,highway,motorway_junction,1000,4
82265,highway,turning_loop,500,1
19047,highway,turning_circle,500,13
60007,highway,motorway_junction,1000,2
18481,highway,bus_stop,1000,11
37009,highway,give_way,1000,2
51301,highway,stop,1000,12
38747,highway,stop,1000,4
112242,highway,stop,1000,6
65223,highway,stop,500,7
97109,highway,turning_circle,1000,31
55449,highway,turning_circle,1000,10
51371,highway,traffic_signals,1000,5
25507,highway,stop,500,8
57355,highway,crossing,1000,10
40471,highway,traffic_signals,1000,15
128231,highway,traffic_signals,500,3
90925,highway,turning_circle,500,7
57887,highway,traffic_signals,1000,3
73667,highway,stop,100,3
84997,highway,stop,500,10
19511,highway,crossing,1000,253
39663,highway,turning_circle,1000,15
22067,highway,turning_circle,500,3
38371,highway,turning_circle,1000,1
82991,highway,bus_stop,1000,37
79337,highway,stop,100,2
72817,highway,turning_circle,1000,8
108138,highway,stop,500,1
60105,highway,turning_circle,500,3
84997,highway,turning_circle,100,1
76377,highway,crossing,1000,4
112834,highway,give_way,1000,5
18481,highway,turning_loop,1000,1
19153,highway,crossing,500,115
53517,highway,crossing,500,44
70637,highway,traffic_signals,1000,1
6222,highway,turning_circle,1000,3
50093,highway,traffic_signals,500,12
6818,highway,turning_circle,500,5
90819,highway,turning_circle,500,3
2362,highway,crossing,500,4
51371,highway,bus_stop,500,3
60833,highway,crossing,500,2
114889,highway,turning_circle,1000,10
73689,highway,stop,500,39
19157,highway,turning_circle,1000,31
60353,highway,traffic_signals,1000,21
92029,highway,turning_loop,1000,1
86911,highway,turning_circle,100,1
39663,highway,bus_stop,500,4
82079,highway,bus_stop,500,10
121313,highway,turning_circle,1000,28
89725,highway,crossing,1000,83
125965,highway,traffic_signals,500,1
55969,highway,stop,1000,2
61193,highway,crossing,1000,327
109718,highway,turning_circle,100,1
114379,highway,crossing,1000,9
114889,highway,bus_stop,1000,14
61193,highway,bus_stop,1000,28
86273,highway,turning_loop,1000,2
115705,highway,stop,1000,57
69909,highway,stop,500,4
79337,highway,turning_circle,500,10
60663,highway,turning_circle,1000,11
60833,highway,turning_circle,1000,23
90465,highway,turning_circle,1000,12
61015,highway,stop,1000,7
98713,highway,stop,1000,1
112052,highway,turning_circle,1000,1
79177,highway,traffic_signals,500,2
4431,highway,motorway_junction,1000,4
34523,highway,bus_stop,500,2
20165,highway,bus_stop,1000,7
136698,highway,motorway_junction,1000,3
64795,highway,stop,500,1
65227,highway,bus_stop,1000,28
75021,highway,bus_stop,1000,8
71525,highway,crossing,1000,14
78031,highway,stop,500,2
48067,highway,turning_circle,1000,28
119667,highway,traffic_signals,1000,4
110602,highway,turning_circle,500,11
89911,highway,elevator,500,1
16073,highway,priority,1000,31
119567,highway,turning_circle,1000,10
110080,highway,turning_circle,500,5
56777,highway,turning_circle,500,5
83641,highway,traffic_signals,500,4
94955,highway,give_way,500,9
83641,highway,bus_stop,500,6
90925,highway,bus_stop,500,5
87779,highway,turning_circle,500,1
19335,highway,bus_stop,1000,38
22067,highway,bus_stop,500,5
112366,highway,turning_circle,500,9
113292,highway,turning_circle,1000,9
70007,highway,crossing,500,74
87815,highway,give_way,500,1
69447,highway,bus_stop,1000,19
52981,highway,turning_circle,500,5
19511,highway,bus_stop,1000,2
40471,highway,crossing,500,21
20721,highway,crossing,500,42
60007,highway,crossing,1000,39
19157,highway,crossing,500,78
110036,highway,turning_circle,1000,10
82055,highway,give_way,500,1
109324,highway,bus_stop,500,6
78267,highway,street_lamp,500,12
116661,highway,turning_circle,500,6
70007,highway,stop,100,1
49327,highway,traffic_signals,1000,9
65223,highway,stop,1000,11
53299,highway,motorway_junction,1000,3
108138,highway,turning_loop,1000,1
32537,highway,crossing,1000,10
16073,highway,turning_circle,1000,6
34523,highway,stop,500,8
4431,highway,bus_stop,500,3
104718,highway,crossing,500,60
72609,highway,bus_stop,100,1
51301,highway,crossing,100,8
68669,highway,stop,1000,63
56545,highway,turning_circle,1000,3
4658,highway,turning_circle,1000,38
69447,highway,stop,500,16
62493,highway,bus_stop,1000,6
119667,highway,turning_circle,500,5
8334,highway,turning_circle,500,1
93521,highway,turning_circle,1000,12
121453,highway,street_lamp,500,18
61015,highway,bus_stop,1000,19
34523,highway,turning_circle,1000,17
57887,highway,turning_circle,100,1
79177,highway,motorway_junction,500,2
60829,highway,crossing,1000,67
19613,highway,bus_stop,500,2
86407,highway,bus_stop,1000,19
70669,highway,traffic_signals,500,8
113206,highway,stop,1000,13
65723,highway,crossing,100,4
115705,highway,street_lamp,1000,2
63931,highway,turning_circle,500,3
61235,highway,bus_stop,100,1
2362,highway,turning_circle,1000,5
108138,highway,turning_circle,500,5
29201,highway,stop,500,12
82847,highway,turning_circle,500,12
6244,highway,traffic_signals,1000,12
6228,highway,turning_circle,1000,12
82337,highway,turning_circle,1000,1
82863,highway,traffic_signals,500,6
76597,highway,crossing,100,1
85081,highway,stop,1000,87
84997,highway,traffic_signals,1000,9
69835,highway,mini_roundabout,1000,1
60105,highway,give_way,1000,2
78041,highway,bus_stop,500,15
71525,highway,bus_stop,1000,4
14161,highway,stop,100,1
72081,highway,turning_circle,500,6
89751,highway,stop,1000,1
50093,highway,mini_roundabout,500,1
121453,highway,turning_circle,500,7
28503,highway,traffic_signals,500,4
9162,highway,turning_circle,100,1
120853,highway,crossing,1000,19
18481,highway,stop,1000,4
19047,highway,bus_stop,1000,2
99657,highway,bus_stop,500,4
69197,highway,give_way,1000,5
36111,highway,crossing,1000,127
113052,highway,bus_stop,500,1
114189,highway,turning_loop,500,1
70007,highway,crossing,1000,149
116661,highway,traffic_signals,1000,5
114557,highway,bus_stop,1000,13
62185,highway,crossing,500,2
78015,highway,traffic_signals,1000,2
2350,highway,traffic_signals,500,10
89847,highway,turning_circle,500,4
93521,highway,crossing,1000,18
2362,highway,bus_stop,500,1
112834,highway,stop,100,1
65437,highway,crossing,1000,414
109718,highway,traffic_signals,500,3
16073,highway,crossing,100,3
104672,highway,stop,500,14
34523,highway,crossing,500,9
69909,highway,stop,1000,35
131077,highway,turning_circle,100,1
73533,highway,turning_circle,1000,11
6218,highway,crossing,1000,30
40471,highway,motorway_junction,1000,4
90925,highway,turning_circle,100,1
36111,highway,motorway_junction,500,1
68393,highway,traffic_signals,1000,10
87815,highway,bus_stop,1000,18
8334,highway,turning_circle,1000,3
48633,highway,traffic_signals,500,1
108138,highway,crossing,1000,32
79213,highway,stop,1000,3
112310,highway,turning_circle,100,1
84997,highway,crossing,500,22
73667,highway,crossing,100,5
19613,highway,crossing,500,2
104432,highway,turning_circle,1000,6
104432,highway,turning_circle,500,1
131077,highway,turning_circle,500,14
78031,highway,stop,1000,3
87815,highway,turning_circle,500,1
20085,highway,turning_circle,500,9
53027,highway,stop,1000,1
28425,highway,crossing,100,1
86407,highway,traffic_signals,1000,3
20165,highway,turning_circle,1000,14
20165,highway,turning_circle,500,8
16073,highway,turning_loop,500,5
112834,highway,crossing,100,9
60007,highway,stop,1000,1
111998,highway,bus_stop,500,2
65437,highway,crossing,100,4
4431,highway,street_lamp,500,1
111590,highway,bus_stop,500,19
77049,highway,traffic_signals,1000,1
83549,highway,crossing,500,64
20085,highway,street_lamp,1000,8
92029,highway,turning_circle,1000,25
80519,highway,traffic_signals,1000,1
79177,highway,traffic_signals,1000,11
94955,highway,bus_stop,500,5
81047,highway,crossing,500,23
69909,highway,crossing,100,8
113292,highway,turning_circle,100,1
69447,highway,give_way,500,5
60663,highway,stop,500,2
76465,highway,traffic_signals,1000,6
19157,highway,priority,1000,6
73689,highway,motorway_junction,1000,3
86407,highway,turning_circle,500,10
119567,highway,stop,500,6
18481,highway,traffic_signals,500,1
78819,highway,turning_circle,500,4
80519,highway,turning_circle,100,1
53401,highway,stop,1000,60
57787,highway,crossing,1000,5
56777,highway,traffic_signals,1000,7
18883,highway,stop,500,5
39663,highway,stop,1000,12
35809,highway,traffic_signals,100,1
39663,highway,crossing,500,8
65723,highway,street_lamp,1000,1
87815,highway,motorway_junction,500,1
110494,highway,turning_circle,500,5
94955,highway,bus_stop,1000,28
134314,highway,bus_stop,1000,14
38371,highway,motorway_junction,1000,2
71503,highway,traffic_signals,1000,7
114189,highway,turning_circle,500,5
36111,highway,mini_roundabout,1000,2
17839,highway,stop,1000,3
22067,highway,bus_stop,100,1
70007,highway,bus_stop,500,4
26379,highway,crossing,100,1
89911,highway,traffic_signals,1000,50
90819,highway,stop,1000,56
98713,highway,bus_stop,500,2
104460,highway,bus_stop,500,5
111998,highway,turning_circle,1000,27
20721,highway,traffic_signals,1000,48
90925,highway,traffic_signals,1000,1
60353,highway,stop,500,18
75739,highway,crossing,100,6
76377,highway,bus_stop,500,2
4431,highway,give_way,500,2
74161,highway,turning_circle,1000,13
86911,highway,turning_circle,500,7
26379,highway,stop,100,1
69519,highway,turning_circle,500,1
119667,highway,turning_circle,1000,12
78015,highway,turning_circle,1000,7
19511,highway,turning_circle,500,1
125883,highway,turning_circle,1000,2
124099,highway,turning_circle,500,9
122079,highway,motorway_junction,1000,1
60833,highway,bus_stop,1000,4
2653,highway,give_way,1000,2
4417,highway,crossing,1000,1
55449,highway,give_way,1000,1
67459,highway,stop,1000,133
111998,highway,stop,1000,17
128231,highway,stop,500,15
114889,highway,crossing,500,19
70669,highway,turning_circle,500,5
62455,highway,bus_stop,500,7
74161,highway,bus_stop,500,11
72609,highway,bus_stop,500,8
68669,highway,crossing,1000,41
75775,highway,turning_circle,500,1
20085,highway,traffic_signals,500,1
28425,highway,bus_stop,500,7
83549,highway,crossing,100,4
93521,highway,bus_stop,1000,13
57355,highway,bus_stop,100,2
94955,highway,priority,500,9
4431,highway,turning_circle,100,1
110494,highway,motorway_junction,1000,1
60829,highway,stop,500,1
65259,highway,stop,1000,14
82991,highway,bus_stop,500,15
112688,highway,bus_stop,1000,6
69447,highway,crossing,1000,65
49327,highway,traffic_signals,500,4
79213,highway,turning_circle,500,2
61015,highway,traffic_signals,1000,8
97925,highway,turning_circle,1000,7
110792,highway,bus_stop,500,1
4103,highway,bus_stop,500,4
50093,highway,crossing,500,20
69599,highway,crossing,500,11
69835,highway,turning_circle,1000,31
73689,highway,stop,1000,166
73743,highway,turning_loop,500,9
19157,highway,stop,1000,79
67779,highway,bus_stop,500,5
115705,highway,turning_circle,500,1
110318,highway,turning_circle,1000,34
121249,highway,turning_circle,1000,14
12719,highway,crossing,1000,15
97925,highway,turning_circle,500,3
53401,highway,turning_circle,1000,48
16073,highway,priority,500,10
73689,highway,priority,1000,4
75739,highway,traffic_signals,1000,25
55833,highway,bus_stop,1000,9
72081,highway,motorway_junction,1000,4
114557,highway,motorway_junction,500,1
17909,highway,turning_circle,1000,3
89847,highway,motorway_junction,1000,4
55449,highway,turning_circle,500,3
20085,highway,crossing,1000,2
143602,highway,traffic_signals,500,2
70701,highway,traffic_signals,1000,5
70701,highway,stop,1000,79
56777,highway,stop,500,2
104672,highway,turning_circle,100,1
36111,highway,traffic_signals,500,3
59873,highway,turning_circle,1000,9
75061,highway,turning_circle,100,1
78041,highway,crossing,1000,4
20085,highway,stop,1000,4
37849,highway,stop,500,55
70009,highway,traffic_signals,1000,26
60353,highway,stop,1000,58
69197,highway,crossing,500,29
109324,highway,stop,1000,2
63991,highway,turning_circle,500,1
120513,highway,bus_stop,500,2
62493,highway,crossing,1000,47
79337,highway,crossing,500,12
95961,highway,turning_circle,500,1
86129,highway,turning_circle,1000,9
104460,highway,stop,500,17
48633,highway,stop,500,2
79213,highway,turning_circle,100,1
48633,highway,bus_stop,100,2
67459,highway,turning_circle,500,3
34523,highway,turning_circle,500,4
65437,highway,priority,100,1
99657,highway,stop,1000,129
109718,highway,bus_stop,1000,2
103850,highway,crossing,1000,53
65723,highway,bus_stop,500,21
75061,highway,bus_stop,1000,13
20721,highway,elevator,1000,1
82055,highway,bus_stop,500,12
114189,highway,turning_loop,1000,1
89725,highway,motorway_junction,1000,2
2653,highway,stop,1000,64
108138,highway,traffic_signals,1000,4
135134,highway,turning_circle,1000,32
135134,highway,turning_circle,500,19
2362,highway,turning_circle,500,2
2362,highway,crossing,1000,4
98713,highway,turning_circle,500,1
20165,highway,traffic_signals,1000,30
70009,highway,stop,1000,12
37009,highway,turning_circle,1000,15
79177,highway,turning_circle,500,9
73667,highway,priority,100,2
94955,highway,crossing,500,111
65437,highway,stop,100,2
64723,highway,turning_circle,1000,1
18481,highway,turning_loop,500,1
114189,highway,motorway_junction,1000,2
69909,highway,traffic_signals,1000,96
37725,highway,stop,500,4
85823,highway,bus_stop,500,8
37197,highway,bus_stop,500,1
114557,highway,stop,1000,1
19511,highway,turning_circle,1000,8
97925,highway,stop,1000,4
9162,highway,turning_circle,500,7
55449,highway,crossing,500,35
76597,highway,turning_circle,500,1
40471,highway,stop,1000,17
86407,highway,turning_circle,100,1
110080,highway,turning_circle,1000,21
70701,highway,bus_stop,1000,8
37009,highway,stop,500,3
19047,highway,crossing,500,3
37257,highway,stop,500,2
19153,highway,traffic_signals,500,13
120513,highway,crossing,1000,35
85823,highway,bus_stop,1000,26
104718,highway,give_way,1000,1
80735,highway,turning_circle,1000,27
5928,highway,turning_circle,1000,1
12719,highway,stop,1000,11
6818,highway,turning_circle,1000,13
78107,highway,stop,500,1
4445,highway,stop,1000,1
56777,highway,turning_circle,1000,26
83641,highway,mini_roundabout,1000,4
104672,highway,turning_circle,500,5
74161,highway,motorway_junction,1000,2
109324,highway,turning_circle,1000,10
77807,highway,stop,500,4
26379,highway,turning_circle,1000,22
121313,highway,turning_circle,500,10
78015,highway,traffic_signals,500,1
60663,highway,bus_stop,500,3
62291,highway,crossing,500,12
101221,highway,stop,1000,64
73755,highway,motorway_junction,1000,3
4431,highway,turning_circle,500,10
16073,highway,traffic_signals,500,2
101221,highway,motorway_junction,1000,1
19573,highway,turning_loop,1000,2
68631,highway,turning_circle,1000,28
111590,highway,stop,500,7
62493,highway,stop,500,14
80735,highway,bus_stop,500,6
19507,highway,turning_circle,1000,31
85015,highway,turning_circle,500,5
4103,highway,crossing,1000,93
98865,highway,give_way,1000,6
128231,highway,turning_circle,1000,9
73689,highway,turning_circle,500,3
69197,highway,turning_circle,1000,14
19573,highway,turning_circle,500,1
60829,highway,traffic_signals,500,4
81047,highway,turning_circle,1000,10
115705,highway,stop,500,19
17909,highway,traffic_signals,1000,1
11416,highway,traffic_signals,1000,1
29201,highway,stop,1000,30
143602,highway,traffic_signals,1000,11
83041,highway,motorway_junction,1000,2
28425,highway,bus_stop,1000,18
104672,highway,stop,1000,94
57887,highway,stop,1000,10
65437,highway,mini_roundabout,1000,1
81047,highway,stop,1000,14
114379,highway,turning_circle,1000,2
35809,highway,traffic_signals,1000,63
82079,highway,bus_stop,1000,46
63931,highway,turning_circle,1000,13
89725,highway,traffic_signals,1000,16
16541,highway,motorway_junction,1000,8
69599,highway,turning_circle,500,14
86479,highway,turning_circle,500,3
121453,highway,turning_circle,1000,19
122079,highway,street_lamp,1000,14
63421,highway,turning_circle,1000,8
22963,highway,crossing,500,35
19047,highway,stop,1000,48
101221,highway,trailhead,500,1
77807,highway,turning_circle,1000,9
26379,highway,stop,1000,69
37923,highway,traffic_signals,500,4
112366,highway,stop,1000,1
91335,highway,traffic_signals,1000,4
98865,highway,turning_circle,1000,12
95961,highway,traffic_signals,1000,1
50093,highway,motorway_junction,1000,1
76465,highway,traffic_signals,100,1
15803,highway,crossing,1000,1
64857,highway,crossing,500,2
19157,highway,traffic_signals,500,3
76683,highway,bus_stop,1000,68
60007,highway,bus_stop,500,3
87779,highway,motorway_junction,1000,2
82079,highway,stop,100,3
82079,highway,crossing,100,6
53517,highway,street_lamp,1000,146
37197,highway,bus_stop,1000,1
110324,highway,bus_stop,1000,6
89911,highway,crossing,100,1
18883,highway,turning_circle,500,7
76683,highway,crossing,1000,114
85823,highway,traffic_signals,500,24
51301,highway,traffic_signals,1000,106
35809,highway,bus_stop,500,10
122079,highway,turning_circle,100,1
55449,highway,crossing,100,3
62291,highway,traffic_signals,1000,19
65437,highway,stop,1000,173
60007,highway,street_lamp,1000,9
87779,highway,stop,500,5
78267,highway,turning_circle,500,6
19153,highway,crossing,1000,519
37923,highway,turning_loop,1000,1
39665,highway,stop,1000,5
14161,highway,crossing,100,6
20547,highway,turning_circle,500,4
53299,highway,traffic_signals,500,1
6222,highway,turning_circle,500,1
124099,highway,turning_circle,100,1
64763,highway,crossing,500,22
62291,highway,crossing,1000,94
73755,highway,turning_circle,500,1
83641,highway,traffic_signals,1000,15
75739,highway,turning_circle,500,9
82055,highway,crossing,500,23
63991,highway,stop,1000,26
22459,highway,traffic_signals,500,2
89911,highway,crossing,1000,140
6218,highway,turning_circle,1000,13
2653,highway,crossing,1000,1
12719,highway,bus_stop,500,2
40471,highway,turning_circle,1000,7
110666,highway,stop,500,1
19157,highway,give_way,1000,7
37009,highway,crossing,500,1
65747,highway,turning_circle,500,3
63991,highway,traffic_signals,1000,64
70669,highway,give_way,1000,3
85867,highway,street_lamp,500,9
116661,highway,stop,500,1
15803,highway,traffic_signals,1000,1
135134,highway,stop,500,7
125965,highway,crossing,500,1
52981,highway,crossing,1000,1
70669,highway,turning_circle,1000,6
18287,highway,stop,500,19
38371,highway,traffic_signals,500,1
65723,highway,stop,1000,26
75061,highway,crossing,1000,22
75529,highway,crossing,1000,23
60455,highway,stop,1000,4
70449,highway,turning_loop,1000,1
79337,highway,turning_loop,1000,1
49327,highway,stop,500,1
121601,highway,trailhead,1000,1
18883,highway,bus_stop,1000,12
136698,highway,traffic_signals,1000,5
37725,highway,bus_stop,500,17
70637,highway,turning_circle,1000,10
63439,highway,stop,500,5
2362,highway,traffic_signals,100,1
104460,highway,street_lamp,1000,91
8334,highway,stop,1000,11
112332,highway,turning_loop,1000,1
97925,highway,stop,500,1
22461,highway,bus_stop,1000,14
71503,highway,traffic_signals,500,6
18287,highway,traffic_signals,500,3
111590,highway,traffic_signals,1000,25
18287,highway,turning_circle,500,1
112008,highway,crossing,500,1
38371,highway,bus_stop,500,13
71525,highway,crossing,500,13
62419,highway,turning_circle,1000,19
64469,highway,traffic_signals,1000,2
69447,highway,crossing,500,23
131077,highway,traffic_signals,500,6
126479,highway,bus_stop,1000,6
19047,highway,give_way,1000,11
81047,highway,crossing,1000,83
65723,highway,turning_circle,1000,7
63991,highway,crossing,500,117
4445,highway,turning_circle,500,8
37725,highway,turning_circle,1000,1
61235,highway,bus_stop,1000,28
70669,highway,crossing,100,4
79147,highway,crossing,1000,1
79337,highway,crossing,1000,28
114557,highway,stop,500,1
78015,highway,traffic_signals,100,1
89725,highway,crossing,500,47
110318,highway,turning_circle,500,9
12857,highway,turning_circle,1000,11
122079,highway,crossing,1000,76
57887,highway,turning_circle,1000,27
16073,highway,crossing,500,97
22963,highway,bus_stop,500,1
75061,highway,turning_circle,1000,4
55833,highway,bus_stop,500,5
39665,highway,turning_circle,1000,25
96949,highway,turning_circle,1000,3
40827,highway,turning_circle,500,10
37009,highway,turning_circle,500,5
110666,highway,bus_stop,500,1
66183,highway,crossing,1000,59
82079,highway,street_lamp,100,3
121439,highway,bus_stop,1000,9
57355,highway,bus_stop,1000,35
20165,highway,motorway_junction,1000,7
69207,highway,turning_circle,1000,29
22461,highway,stop,500,3
134314,highway,crossing,1000,172
4431,highway,crossing,500,19
64795,highway,turning_circle,1000,20
136698,highway,turning_loop,1000,1
63991,highway,street_lamp,1000,1
53517,highway,street_lamp,500,13
67983,highway,turning_circle,1000,13
131077,highway,traffic_signals,1000,20
78031,highway,turning_circle,500,3
80735,highway,crossing,1000,3
78015,highway,turning_circle,500,3
51371,highway,turning_circle,500,21
16541,highway,bus_stop,1000,35
79213,highway,traffic_signals,1000,2
20085,highway,bus_stop,1000,1
69599,highway,bus_stop,500,4
60105,highway,stop,500,9
76683,highway,bus_stop,500,20
17839,highway,motorway_junction,1000,4
74161,highway,turning_circle,500,5
104718,highway,traffic_signals,1000,77
37923,highway,crossing,1000,4
69447,highway,bus_stop,500,6
82265,highway,turning_circle,500,3
103960,highway,turning_circle,500,6
73743,highway,stop,1000,6
73743,highway,turning_circle,1000,7
69835,highway,stop,1000,55
20721,highway,bus_stop,1000,68
94955,highway,bus_stop,100,2
18453,highway,traffic_signals,500,2
136698,highway,motorway_junction,500,1
113206,highway,give_way,1000,2
62185,highway,turning_circle,1000,3
70097,highway,crossing,500,2
116661,highway,bus_stop,1000,4
19507,highway,turning_circle,500,3
72817,highway,stop,1000,35
14973,highway,stop,500,8
73533,highway,crossing,500,7
69197,highway,traffic_signals,1000,7
60105,highway,crossing,1000,11
19157,highway,bus_stop,500,9
114379,highway,stop,500,1
19153,highway,stop,1000,13
36111,highway,bus_stop,500,9
80735,highway,traffic_signals,1000,11
26561,highway,turning_circle,1000,9
62185,highway,traffic_signals,1000,2
2350,highway,turning_circle,500,1
90799,highway,turning_circle,1000,4
57355,highway,traffic_signals,500,3
9168,highway,turning_circle,1000,1
72817,highway,street_lamp,1000,21
109718,highway,stop,1000,7
69835,highway,turning_circle,500,13
65437,highway,mini_roundabout,500,1
63469,highway,priority,1000,12
73755,highway,traffic_signals,1000,7
67459,highway,give_way,500,1
60829,highway,crossing,500,5
82055,highway,stop,500,1
38747,highway,turning_circle,1000,6
118965,highway,turning_circle,1000,1
40827,highway,turning_loop,500,2
6244,highway,crossing,1000,12
67779,highway,stop,1000,47
20721,highway,stop,1000,68
18481,highway,traffic_signals,1000,1
90925,highway,turning_circle,1000,14
73667,highway,turning_circle,1000,1
112834,highway,stop,500,29
68631,highway,turning_loop,1000,1
60455,highway,turning_circle,1000,11
80583,highway,traffic_signals,1000,4
16541,highway,stop,100,2
12857,highway,mini_roundabout,500,1
14063,highway,turning_circle,1000,3
98713,highway,traffic_signals,1000,7
37271,highway,traffic_signals,1000,9
83041,highway,turning_circle,500,3
14161,highway,traffic_signals,1000,2
15123,highway,stop,500,1
79617,highway,turning_circle,500,8
101221,highway,crossing,500,33
90925,highway,crossing,1000,134
37849,highway,give_way,500,1
20165,highway,traffic_signals,500,2
74161,highway,crossing,1000,37
85823,highway,turning_circle,500,5
35809,highway,turning_circle,1000,1
18287,highway,bus_stop,500,5
70669,highway,give_way,500,3
16541,highway,motorway_junction,500,1
80583,highway,stop,1000,14
29201,highway,traffic_signals,500,3
6244,highway,motorway_junction,500,1
57787,highway,turning_circle,1000,4
83641,highway,crossing,500,21
99657,highway,crossing,100,4
70009,highway,elevator,1000,2
113206,highway,bus_stop,500,10
68669,highway,turning_circle,500,4
116661,highway,stop,1000,5
55449,highway,traffic_signals,1000,26
19511,highway,stop,1000,14
72817,highway,turning_circle,500,1
110080,highway,crossing,1000,14
34523,highway,crossing,1000,39
104672,highway,bus_stop,1000,18
65437,highway,crossing,500,99
112834,highway,bus_stop,1000,25
119567,highway,bus_stop,1000,14
79177,highway,crossing,100,2
103850,highway,stop,500,3
19335,highway,traffic_signals,1000,25
37725,highway,crossing,1000,194
38371,highway,bus_stop,1000,42
35809,highway,elevator,1000,1
63439,highway,turning_loop,1000,1
87815,highway,stop,500,5
12719,highway,stop,500,5
76597,highway,crossing,500,32
104672,highway,turning_circle,1000,11
63469,highway,priority,500,4
40471,highway,bus_stop,1000,53
37849,highway,give_way,1000,6
65259,highway,crossing,1000,4
70097,highway,bus_stop,1000,4
112242,highway,bus_stop,1000,3
61193,highway,bus_stop,500,2
19157,highway,crossing,100,7
34523,highway,bus_stop,1000,8
78819,highway,give_way,1000,6
66183,highway,give_way,1000,3
62493,highway,stop,1000,63
78031,highway,crossing,500,6
134260,highway,turning_circle,1000,2
89847,highway,bus_stop,500,9
69599,highway,bus_stop,1000,8
112310,highway,stop,500,18
53401,highway,turning_circle,500,11
60007,highway,traffic_signals,1000,10
81047,highway,stop,500,6
78819,highway,stop,500,16
78041,highway,stop,1000,5
74161,highway,trailhead,500,1
55463,highway,traffic_signals,1000,6
26379,highway,turning_circle,500,6
64469,highway,turning_circle,500,13
48067,highway,turning_circle,500,12
87815,highway,traffic_signals,500,7
56545,highway,give_way,1000,2
131077,highway,bus_stop,1000,15
55449,highway,crossing,1000,168
78107,highway,turning_circle,500,3
2350,highway,crossing,500,16
6222,highway,crossing,1000,2
40471,highway,turning_circle,500,2
75739,highway,crossing,500,49
19573,highway,crossing,500,5
85823,highway,crossing,500,108
65747,highway,stop,500,3
55463,highway,traffic_signals,500,1
131077,highway,turning_circle,1000,34
79147,highway,turning_circle,500,6
70097,highway,turning_circle,1000,3
13143,highway,stop,1000,1
80735,highway,bus_stop,1000,15
96949,highway,stop,500,1
112332,highway,turning_circle,500,7
40827,highway,bus_stop,500,6
64857,highway,stop,1000,1
19047,highway,traffic_signals,1000,7
109718,highway,turning_circle,1000,14
112834,highway,stop,1000,94
82055,highway,crossing,1000,136
37725,highway,stop,1000,13
77807,highway,bus_stop,100,5
4658,highway,turning_circle,500,5
72081,highway,turning_circle,1000,15
78031,highway,crossing,1000,11
68669,highway,bus_stop,1000,4
2653,highway,traffic_signals,1000,15
104460,highway,turning_loop,1000,1
90819,highway,traffic_signals,1000,7
78615,highway,turning_circle,500,7
55277,highway,turning_circle,500,1
98713,highway,crossing,500,5
28425,highway,stop,500,9
72573,highway,turning_loop,1000,1
82055,highway,motorway_junction,1000,5
36111,highway,stop,1000,57
114189,highway,motorway_junction,500,1
67403,highway,turning_circle,500,6
37923,highway,traffic_signals,1000,13
70449,highway,stop,500,6
89911,highway,crossing,500,63
110318,highway,traffic_signals,1000,32
108138,highway,motorway_junction,1000,3
124099,highway,traffic_signals,1000,12
30929,highway,turning_circle,500,1
84639,highway,turning_loop,1000,2
92029,highway,crossing,500,16
37703,highway,stop,1000,22
60105,highway,traffic_signals,1000,3
69197,highway,turning_circle,500,6
73755,highway,street_lamp,1000,3
85867,highway,crossing,1000,366
38371,highway,crossing,500,12
110036,highway,bus_stop,1000,11
62185,highway,bus_stop,500,1
110494,highway,stop,1000,49
113160,highway,turning_circle,1000,12
104708,highway,turning_circle,1000,2
134314,highway,stop,500,7
70669,highway,bus_stop,500,8
78267,highway,stop,1000,2
68669,highway,turning_circle,1000,16
4658,highway,traffic_signals,1000,10
39665,highway,traffic_signals,1000,1
70007,highway,motorway_junction,1000,2
16059,highway,turning_circle,1000,3
87815,highway,give_way,1000,1
28425,highway,turning_circle,1000,6
89725,highway,crossing,100,3
32537,highway,traffic_signals,500,4
37257,highway,crossing,1000,2
104672,highway,bus_stop,500,7
73689,highway,crossing,100,1
110494,highway,give_way,1000,1
19335,highway,turning_circle,1000,5
104718,highway,bus_stop,1000,69
39663,highway,bus_stop,1000,15
87779,highway,bus_stop,1000,45
114189,highway,bus_stop,1000,23
62493,highway,traffic_signals,500,1
61235,highway,traffic_signals,500,5
70097,highway,turning_circle,500,1
95961,highway,turning_circle,1000,2
51681,highway,turning_loop,1000,1
90465,highway,bus_stop,1000,1
125965,highway,stop,1000,6
98865,highway,crossing,500,57
76465,highway,bus_stop,500,2
98865,highway,bus_stop,500,4
62291,highway,stop,1000,57
40471,highway,traffic_signals,500,5
119567,highway,turning_circle,500,4
112834,highway,traffic_signals,500,4
70471,highway,stop,1000,1
85867,highway,bus_stop,500,27
66183,highway,street_lamp,1000,1
53517,highway,stop,100,1
38747,highway,crossing,1000,4
26379,highway,crossing,1000,68
11844,highway,traffic_signals,500,2
80583,highway,turning_circle,1000,22
96087,highway,turning_circle,500,2
89847,highway,traffic_signals,500,1
110318,highway,traffic_signals,500,8
28503,highway,bus_stop,1000,3
2362,highway,bus_stop,1000,7
84207,highway,crossing,1000,28
72817,highway,bus_stop,500,5
51577,highway,stop,1000,1
62291,highway,motorway_junction,1000,4
85081,highway,turning_circle,1000,16
67779,highway,bus_stop,1000,13
112834,highway,crossing,500,118
83641,highway,elevator,1000,1
101221,highway,stop,500,9
73755,highway,bus_stop,500,4
79177,highway,bus_stop,500,2
113052,highway,turning_circle,1000,56
113206,highway,turning_circle,500,1
97693,highway,bus_stop,500,20
104718,highway,elevator,1000,5
113206,highway,bus_stop,100,2
70449,highway,turning_circle,500,5
39665,highway,motorway_junction,1000,1
70449,highway,stop,1000,26
9162,highway,bus_stop,1000,4
76465,highway,stop,1000,1
37257,highway,turning_circle,500,3
37849,highway,priority,1000,46
22461,highway,traffic_signals,500,1
64795,highway,traffic_signals,1000,2
85867,highway,traffic_signals,500,13
65259,highway,bus_stop,500,9
65223,highway,stop,100,3
119505,highway,turning_circle,1000,17
12857,highway,turning_circle,500,3
28503,highway,turning_circle,500,6
83549,highway,give_way,1000,1
91335,highway,give_way,500,2
16541,highway,crossing,500,17
40471,highway,mini_roundabout,500,1
18481,highway,stop,500,1
134314,highway,stop,1000,17
63991,highway,traffic_signals,500,19
2653,highway,turning_circle,500,8
6228,highway,motorway_junction,1000,4
110602,highway,crossing,1000,10
83641,highway,turning_circle,500,7
85867,highway,bus_stop,100,2
112688,highway,bus_stop,500,3
14161,highway,crossing,1000,77
116661,highway,turning_circle,1000,13
56545,highway,bus_stop,500,3
26379,highway,turning_loop,1000,1
93521,highway,turning_circle,500,6
117939,highway,turning_circle,1000,18
86479,highway,turning_circle,1000,9
110792,highway,bus_stop,1000,1
12719,highway,stop,100,1
98865,highway,crossing,1000,233
82863,highway,milestone,1000,1
112332,highway,crossing,1000,1
66029,highway,traffic_signals,1000,5
60829,highway,bus_stop,500,6
61193,highway,give_way,1000,1
110494,highway,bus_stop,1000,2
63469,highway,crossing,500,25
72609,highway,bus_stop,1000,16
75529,highway,turning_circle,500,5
72081,highway,bus_stop,500,5
19511,highway,traffic_signals,1000,9
86887,highway,stop,500,2
2362,highway,motorway_junction,500,2
108524,highway,turning_circle,1000,2
9168,highway,stop,1000,40
89911,highway,stop,100,2
121439,highway,give_way,500,1
60353,highway,traffic_signals,500,7
57787,highway,bus_stop,500,3
82079,highway,traffic_signals,500,13
14885,highway,turning_circle,100,1
114189,highway,crossing,500,1
65259,highway,crossing,500,1
61235,highway,crossing,500,11
112366,highway,crossing,500,3
11416,highway,turning_loop,500,1
97109,highway,turning_circle,500,10
51577,highway,turning_circle,1000,31
50093,highway,stop,1000,38
40827,highway,stop,1000,10
119667,highway,crossing,1000,9
9162,highway,crossing,500,4
6222,highway,crossing,500,2
92029,highway,turning_circle,500,12
85081,highway,crossing,1000,162
18883,highway,crossing,100,4
82079,highway,give_way,1000,7
70449,highway,traffic_signals,1000,13
126479,highway,bus_stop,500,2
9268,highway,turning_circle,1000,2
124099,highway,traffic_signals,500,1
134220,highway,turning_circle,1000,2
112332,highway,turning_circle,1000,32
25507,highway,bus_stop,1000,2
113877,highway,turning_circle,500,1
97925,highway,crossing,500,1
69207,highway,stop,1000,19
79177,highway,crossing,1000,71
77807,highway,turning_circle,500,4
69447,highway,traffic_signals,500,1
81731,highway,turning_circle,1000,10
98865,highway,turning_circle,500,2
37271,highway,stop,500,2
86407,highway,traffic_signals,500,2
37703,highway,turning_loop,1000,13
128231,highway,bus_stop,500,14
70701,highway,give_way,500,1
37849,highway,bus_stop,500,8
79177,highway,bus_stop,1000,9
115705,highway,stop,100,1
97693,highway,stop,500,5
51301,highway,traffic_signals,100,2
115705,highway,bus_stop,500,5
63439,highway,stop,1000,28
89911,highway,turning_circle,1000,10
72817,highway,traffic_signals,500,2
4417,highway,traffic_signals,1000,1
61015,highway,stop,500,2
14973,highway,crossing,500,26
86383,highway,mini_roundabout,1000,1
19511,highway,give_way,1000,1
80583,highway,give_way,1000,2
37257,highway,turning_circle,1000,22
76377,highway,turning_circle,500,5
128231,highway,bus_stop,1000,51
120853,highway,crossing,500,2
70669,highway,crossing,1000,154
35809,highway,crossing,500,60
14161,highway,stop,500,19
39665,highway,crossing,1000,31
55449,highway,motorway_junction,1000,3
82847,highway,motorway_junction,1000,1
32537,highway,bus_stop,500,2
86407,highway,turning_circle,1000,21
114379,highway,motorway_junction,1000,1
66183,highway,traffic_signals,500,1
87779,highway,motorway_junction,500,2
39663,highway,turning_circle,500,3
19153,highway,bus_stop,1000,70
51301,highway,steps,1000,1
36111,highway,bus_stop,1000,32
87779,highway,bus_stop,100,2
68393,highway,turning_circle,1000,2
26561,highway,stop,1000,12
98713,highway,traffic_signals,500,3
110602,highway,turning_circle,100,1
96949,highway,crossing,1000,2
121453,highway,crossing,500,1
25507,highway,street_lamp,500,13
60829,highway,traffic_signals,1000,25
37849,highway,turning_circle,1000,1
92029,highway,give_way,500,1
26561,highway,crossing,1000,6
19511,highway,motorway_junction,1000,3
96949,highway,turning_circle,500,2
90799,highway,turning_loop,500,1
84357,highway,turning_circle,1000,1
69835,highway,stop,500,19
57787,highway,street_lamp,1000,27
114379,highway,bus_stop,500,12
111998,highway,crossing,500,27
57887,highway,crossing,1000,3
115705,highway,traffic_signals,500,2
78015,highway,bus_stop,1000,1
119567,highway,motorway_junction,1000,4
73667,highway,traffic_signals,500,3
119707,highway,turning_circle,1000,1
71503,highway,crossing,500,23
115705,highway,crossing,1000,276
87779,highway,traffic_signals,100,1
136698,highway,crossing,100,1
112242,highway,turning_circle,1000,21
70637,highway,turning_circle,500,3
110324,highway,bus_stop,500,4
25507,highway,traffic_signals,500,1
32537,highway,traffic_signals,1000,10
83041,highway,traffic_signals,1000,1
55325,highway,turning_circle,500,4
90925,highway,stop,1000,100
112834,highway,turning_circle,1000,7
78819,highway,stop,1000,50
71503,highway,crossing,1000,54
114189,highway,stop,1000,6
115705,highway,give_way,1000,1
115705,highway,bus_stop,1000,46
113052,highway,crossing,1000,3
69451,highway,turning_circle,1000,5
90819,highway,turning_circle,1000,15
90465,highway,stop,500,13
64763,highway,traffic_signals,1000,6
34523,highway,motorway_junction,1000,2
84997,highway,crossing,1000,80
114889,highway,street_lamp,500,3
71503,highway,crossing,100,1
39663,highway,motorway_junction,1000,4
69909,highway,traffic_signals,100,1
19335,highway,stop,500,2
65259,highway,turning_circle,100,1
70669,highway,crossing,500,58
69451,highway,crossing,500,10
11844,highway,stop,1000,1
89911,highway,turning_circle,500,8
16541,highway,turning_circle,1000,2
83549,highway,bus_stop,1000,15
78015,highway,turning_loop,1000,2
65723,highway,stop,500,12
65747,highway,stop,1000,8
69447,highway,crossing,100,3
61235,highway,bus_stop,500,9
69599,highway,turning_circle,100,2
53329,highway,stop,500,3
104460,highway,bus_stop,1000,18
80691,highway,turning_circle,500,3
22461,highway,traffic_signals,1000,5
73853,highway,stop,500,1
60353,highway,priority,1000,3
60007,highway,motorway_junction,500,1
36111,highway,traffic_signals,1000,24
64795,highway,turning_circle,500,1
60455,highway,traffic_signals,1000,4
72081,highway,stop,1000,5
69447,highway,turning_circle,1000,15
121439,highway,turning_circle,1000,31
89725,highway,turning_circle,1000,3
89847,highway,crossing,1000,48
28425,highway,crossing,500,33
73743,highway,turning_circle,500,3
37703,highway,bus_stop,1000,13
73755,highway,crossing,1000,84
86911,highway,stop,1000,11
74161,highway,crossing,500,25
56545,highway,stop,1000,142
114557,highway,motorway_junction,1000,3
26561,highway,motorway_junction,1000,1
26561,highway,turning_circle,500,3
91335,highway,stop,1000,24
60663,highway,turning_circle,500,1
51565,highway,turning_circle,500,2
82847,highway,crossing,500,5
108138,highway,bus_stop,500,6
57355,highway,bus_stop,500,8
57887,highway,stop,500,3
104432,highway,crossing,1000,216
75021,highway,turning_circle,1000,12
82991,highway,stop,1000,55
37923,highway,turning_circle,500,10
112366,highway,traffic_signals,1000,14
61235,highway,turning_circle,1000,5
16059,highway,turning_circle,500,3
83549,highway,turning_circle,1000,11
139716,highway,stop,1000,35
83041,highway,turning_circle,1000,11
79715,highway,stop,1000,3
121453,highway,crossing,1000,7
112332,highway,stop,1000,5
14973,highway,bus_stop,100,1
84207,highway,crossing,500,4
84997,highway,turning_circle,500,9
85867,highway,turning_circle,1000,4
22459,highway,stop,500,1
4658,highway,traffic_signals,500,3
15803,highway,turning_circle,1000,3
78107,highway,crossing,500,35
12719,highway,bus_stop,1000,5
53329,highway,stop,1000,7
67779,highway,turning_circle,1000,39
78819,highway,turning_circle,100,1
63469,highway,give_way,1000,2
87779,highway,traffic_signals,1000,12
60455,highway,turning_circle,500,3
53027,highway,traffic_signals,500,2
51371,highway,turning_circle,1000,55
37271,highway,stop,1000,16
57355,highway,stop,500,3
89911,highway,bus_stop,500,5
32537,highway,street_lamp,1000,2
91335,highway,give_way,1000,2
61193,highway,turning_circle,1000,2
62291,highway,turning_circle,1000,3
120853,highway,stop,500,15
79177,highway,motorway_junction,1000,7
101221,highway,priority,1000,10
75739,highway,traffic_signals,500,1
84997,highway,give_way,1000,1
78819,highway,stop,100,2
66183,highway,bus_stop,1000,38
74161,highway,trailhead,1000,2
115705,highway,elevator,1000,1
120513,highway,traffic_signals,500,3
69519,highway,turning_loop,1000,3
61321,highway,turning_circle,500,6
72081,highway,traffic_signals,500,2
69447,highway,bus_stop,100,2
73533,highway,stop,500,1
78107,highway,traffic_signals,1000,5
53027,highway,turning_circle,500,1
124099,highway,mini_roundabout,1000,1
83549,highway,turning_loop,1000,1
89911,highway,elevator,1000,1
81047,highway,give_way,1000,1
4431,highway,stop,500,2
85081,highway,bus_stop,500,1
18481,highway,bus_stop,500,6
86273,highway,turning_loop,500,1
85823,highway,turning_circle,1000,15
112242,highway,turning_circle,500,4
11416,highway,stop,1000,46
79147,highway,crossing,500,1
14973,highway,stop,1000,38
64763,highway,turning_circle,500,2
9168,highway,bus_stop,500,5
120853,highway,stop,1000,48
110666,highway,crossing,1000,5
34523,highway,give_way,1000,1
70007,highway,traffic_signals,500,5
110324,highway,stop,1000,1
121439,highway,stop,1000,30
82847,highway,traffic_signals,1000,4
110602,highway,turning_circle,1000,38
111998,highway,traffic_signals,500,2
76377,highway,stop,1000,17
119567,highway,traffic_signals,500,2
19047,highway,turning_circle,1000,55
85081,highway,stop,500,21
60105,highway,turning_circle,1000,13
22461,highway,crossing,1000,77
83641,highway,stop,500,4
69207,highway,bus_stop,500,1
53401,highway,give_way,1000,2
63421,highway,turning_loop,500,1
69447,highway,stop,1000,41
75529,highway,turning_circle,100,1
55277,highway,traffic_signals,1000,9
69835,highway,crossing,1000,27
76377,highway,bus_stop,1000,9
119567,highway,bus_stop,500,2
35809,highway,bus_stop,100,2
65747,highway,bus_stop,1000,6
67983,highway,traffic_signals,1000,1
75775,highway,turning_circle,1000,2
4103,highway,turning_circle,100,2
53027,highway,turning_circle,1000,11
89725,highway,bus_stop,1000,19
110318,highway,crossing,1000,20
67779,highway,turning_circle,500,12
22461,highway,turning_circle,500,4
112310,highway,turning_loop,1000,2
65227,highway,motorway_junction,1000,3
18453,highway,turning_circle,500,6
136698,highway,turning_circle,1000,9
17839,highway,bus_stop,500,1
68669,highway,crossing,500,14
98865,highway,mini_roundabout,1000,1
64763,highway,stop,1000,12
2653,highway,bus_stop,500,4
91335,highway,crossing,1000,33
76683,highway,stop,1000,159
119707,highway,give_way,1000,4
65437,highway,street_lamp,1000,15
76377,highway,turning_loop,500,1
62455,highway,turning_circle,500,2
18287,highway,stop,100,2
63991,highway,crossing,100,1
70449,highway,bus_stop,500,2
62493,highway,crossing,500,14
60663,highway,traffic_signals,1000,3
125965,highway,traffic_signals,1000,1
19511,highway,crossing,500,52
51577,highway,traffic_signals,1000,5
55277,highway,crossing,1000,2
73667,highway,turning_circle,500,1
112310,highway,stop,100,1
37257,highway,stop,1000,24
112008,highway,turning_circle,500,2
82079,highway,bus_stop,100,1
69909,highway,street_lamp,1000,15
4658,highway,turning_circle,100,1
60455,highway,motorway_junction,1000,2
17909,highway,turning_circle,500,1
64857,highway,turning_circle,1000,16
72817,highway,crossing,1000,135
117939,highway,turning_circle,500,7
40827,highway,traffic_signals,500,6
108138,highway,crossing,500,22
72817,highway,crossing,500,26
64857,highway,crossing,1000,39
6228,highway,crossing,500,3
48633,highway,crossing,1000,8
92029,highway,stop,500,33
114889,highway,turning_circle,500,3
63469,highway,traffic_signals,1000,19
19047,highway,crossing,1000,25
73743,highway,crossing,500,2
67779,highway,crossing,1000,90
37849,highway,turning_loop,1000,1
126479,highway,turning_circle,1000,8
62185,highway,stop,1000,4
139716,highway,traffic_signals,1000,10
28503,highway,turning_circle,1000,25
90465,highway,crossing,1000,63
122079,highway,traffic_signals,500,2
37271,highway,bus_stop,1000,26
53401,highway,traffic_signals,1000,9
110080,highway,crossing,500,4
35809,highway,crossing,1000,321
113206,highway,crossing,1000,99
66183,highway,stop,500,4
18287,highway,crossing,500,52
11844,highway,crossing,1000,1
91335,highway,stop,500,14
90465,highway,crossing,500,49
25507,highway,give_way,1000,1
20721,highway,stop,500,6
70009,highway,bus_stop,500,3
78041,highway,stop,500,1
22067,highway,bus_stop,1000,31
19661,highway,turning_circle,1000,1
55277,highway,traffic_signals,500,2
61015,highway,traffic_signals,100,3
73533,highway,crossing,1000,8
63469,highway,turning_circle,1000,39
69207,highway,traffic_signals,500,1
85867,highway,stop,500,6
70637,highway,crossing,1000,7
69599,highway,turning_loop,1000,1
4103,highway,stop,1000,1
37271,highway,turning_circle,1000,1
6228,highway,stop,500,2
76683,highway,turning_circle,500,1
19157,highway,stop,500,17
79177,highway,crossing,500,22
53299,highway,give_way,1000,2
104432,highway,traffic_signals,500,6
74161,highway,traffic_signals,500,2
87779,highway,crossing,500,3
56545,highway,traffic_signals,500,3
29201,highway,traffic_signals,1000,16
76597,highway,traffic_signals,1000,10
124099,highway,turning_circle,1000,25
134418,highway,turning_circle,1000,1
82847,highway,crossing,1000,45
125965,highway,stop,500,3
28503,highway,turning_loop,1000,3
20721,highway,bus_stop,500,18
4431,highway,stop,1000,14
60353,highway,give_way,1000,2
4431,highway,street_lamp,1000,1
68631,highway,turning_circle,500,12
51301,highway,stop,500,2
11416,highway,turning_circle,1000,8
70449,highway,turning_circle,1000,19
50093,highway,crossing,1000,37
90465,highway,stop,100,3
30929,highway,turning_circle,1000,1
40471,highway,give_way,1000,1
94955,highway,traffic_signals,100,3
37009,highway,bus_stop,1000,17
69835,highway,turning_circle,100,1
63421,highway,turning_loop,1000,1
63991,highway,crossing,1000,383
63991,highway,steps,1000,1
71525,highway,bus_stop,500,2
65747,highway,bus_stop,500,3
113292,highway,stop,1000,4
111940,highway,stop,1000,4
70007,highway,stop,1000,22
67983,highway,turning_circle,100,1
83549,highway,turning_circle,500,3
51565,highway,turning_circle,1000,27
4417,highway,turning_circle,500,1
77049,highway,turning_circle,500,9
60833,highway,crossing,1000,5
128231,highway,crossing,1000,125
73667,highway,priority,500,14
18883,highway,traffic_signals,500,1
111998,highway,bus_stop,1000,17
101221,highway,give_way,1000,7
22067,highway,turning_circle,100,1
65723,highway,crossing,1000,225
36111,highway,turning_circle,1000,3
19335,highway,bus_stop,500,14
63439,highway,turning_circle,1000,19
68393,highway,turning_circle,500,1
91335,highway,turning_circle,1000,35
79213,highway,turning_circle,1000,26
28425,highway,traffic_signals,500,2
28503,highway,bus_stop,500,2
19573,highway,traffic_signals,1000,11
37009,highway,motorway_junction,500,2
73755,highway,stop,1000,15
85081,highway,bus_stop,1000,8
65437,highway,bus_stop,500,10
16073,highway,give_way,500,5
35809,highway,bus_stop,1000,44
114189,highway,traffic_signals,1000,1
126479,highway,crossing,1000,1
69451,highway,turning_loop,1000,1
2362,highway,motorway_junction,1000,9
76465,highway,turning_circle,500,7
29201,highway,stop,100,2
65223,highway,traffic_signals,1000,15
20085,highway,street_lamp,500,2
135134,highway,crossing,1000,1
20721,highway,crossing,1000,190
104672,highway,crossing,500,69
114379,highway,bus_stop,100,2
77807,highway,bus_stop,500,26
121439,highway,stop,500,15
52981,highway,turning_circle,100,1
101221,highway,turning_loop,500,3
16073,highway,turning_loop,1000,6
119707,highway,stop,1000,5
82991,highway,traffic_signals,500,4
114189,highway,turning_circle,1000,13
75021,highway,traffic_signals,1000,4
103850,highway,traffic_signals,1000,5
69909,highway,bus_stop,500,24
65723,highway,turning_circle,500,2
85867,highway,crossing,100,9
65227,highway,bus_stop,100,1
83641,highway,bus_stop,1000,12
67459,highway,bus_stop,500,5
65259,highway,bus_stop,1000,35
66029,highway,bus_stop,1000,2
99657,highway,stop,100,1
75021,highway,motorway_junction,1000,2
78041,highway,crossing,500,1
14161,highway,motorway_junction,1000,1
37197,highway,crossing,500,1
69599,highway,motorway_junction,1000,1
20085,highway,traffic_signals,1000,3
125883,highway,turning_circle,500,1
18883,highway,traffic_signals,1000,17
67459,highway,give_way,1000,4
73755,highway,bus_stop,1000,13
4431,highway,give_way,1000,2
87779,highway,stop,1000,9
65227,highway,stop,1000,1
65227,highway,turning_circle,500,3
72609,highway,turning_circle,1000,3
39663,highway,give_way,1000,2
104432,highway,bus_stop,100,2
56545,highway,stop,500,43
112366,highway,give_way,500,1
50093,highway,mini_roundabout,1000,4
19507,highway,crossing,1000,53
125883,highway,turning_loop,1000,3
134314,highway,traffic_signals,1000,20
60353,highway,crossing,100,3
73667,highway,give_way,1000,3
38371,highway,traffic_signals,1000,7
18287,highway,turning_circle,1000,6
85823,highway,stop,1000,29
65723,highway,bus_stop,1000,67
29201,highway,crossing,1000,284
1680,highway,bus_stop,1000,6
76465,highway,crossing,1000,1
120853,highway,turning_circle,1000,31
65437,highway,priority,500,18
63469,highway,stop,500,26
60007,highway,turning_circle,500,2
75739,highway,bus_stop,1000,11
109324,highway,motorway_junction,1000,3
97693,highway,traffic_signals,1000,16
82991,highway,give_way,1000,1
53517,highway,bus_stop,1000,32
53517,highway,bus_stop,500,15
82055,highway,bus_stop,1000,40
3265,highway,turning_circle,1000,2
70097,highway,stop,1000,11
80583,highway,stop,500,3
51569,highway,turning_circle,1000,2
1212,highway,stop,500,34
86383,highway,turning_circle,1000,16
9168,highway,bus_stop,1000,12
62291,highway,give_way,1000,2
60829,highway,stop,1000,10
73755,highway,crossing,500,19
111590,highway,crossing,500,37
63991,highway,bus_stop,500,15
113066,highway,stop,1000,8
104460,highway,crossing,500,1
60007,highway,turning_circle,1000,5
16073,highway,stop,500,53
57787,highway,bus_stop,1000,18
22963,highway,bus_stop,1000,7
65723,highway,stop,100,1
136698,highway,stop,500,3
69519,highway,turning_loop,500,1
61015,highway,traffic_signals,500,5
55449,highway,turning_loop,1000,1
104460,highway,crossing,1000,6
73689,highway,traffic_signals,1000,17
57887,highway,turning_circle,500,10
60353,highway,turning_circle,500,11
85081,highway,crossing,500,32
19047,highway,give_way,500,4
22461,highway,bus_stop,500,3
17839,highway,turning_loop,1000,2
85867,highway,street_lamp,1000,9
79337,highway,stop,1000,50
61235,highway,traffic_signals,1000,15
70007,highway,traffic_signals,1000,12
126479,highway,turning_circle,500,2
70097,highway,steps,100,1
55449,highway,bus_stop,1000,15
48633,highway,turning_circle,500,1
113632,highway,turning_loop,1000,2
63421,highway,turning_loop,100,1
53517,highway,crossing,100,1
70007,highway,turning_circle,1000,7
60663,highway,stop,1000,11
79715,highway,turning_circle,100,1
14973,highway,traffic_signals,500,11
110494,highway,stop,500,15
18883,highway,turning_circle,1000,15
76377,highway,turning_loop,1000,3
56777,highway,crossing,500,68
112310,highway,crossing,500,2
70669,highway,traffic_signals,1000,23
69909,highway,crossing,500,143
19335,highway,turning_circle,500,2
64795,highway,turning_loop,1000,1
22459,highway,turning_circle,1000,13
22459,highway,crossing,1000,3
2653,highway,traffic_signals,500,6
93521,highway,turning_circle,100,1
57355,highway,stop,1000,26
79715,highway,turning_circle,500,2
94955,highway,crossing,1000,451
104672,highway,traffic_signals,1000,37
109718,highway,traffic_signals,1000,5
60007,highway,crossing,500,6
69835,highway,crossing,100,1
19335,highway,trailhead,1000,1
79337,highway,crossing,100,1
12857,highway,motorway_junction,1000,2
4103,highway,bus_stop,1000,10
28425,highway,give_way,1000,7
69599,highway,crossing,1000,41
67459,highway,stop,500,45
92029,highway,give_way,1000,1
92029,highway,turning_loop,500,1
11844,highway,stop,500,1
121249,highway,turning_circle,500,2
104460,highway,turning_circle,1000,2
25507,highway,turning_circle,500,4
125965,highway,turning_circle,500,1
121453,highway,street_lamp,1000,45
53151,highway,bus_stop,500,1
16073,highway,crossing,1000,338
101221,highway,turning_circle,1000,2
20165,highway,crossing,1000,296
112834,highway,bus_stop,500,6
104718,highway,bus_stop,500,9
56545,highway,crossing,1000,228
14161,highway,stop,1000,58
112366,highway,turning_circle,1000,33
61235,highway,crossing,1000,62
78031,highway,turning_circle,1000,7
109050,highway,turning_circle,1000,1
69447,highway,traffic_signals,1000,2
56545,highway,crossing,500,62
68393,highway,bus_stop,1000,33
96949,highway,stop,1000,14
89911,highway,motorway_junction,500,2
29201,highway,crossing,100,3
110080,highway,traffic_signals,1000,1
37849,highway,traffic_signals,100,1
19613,highway,stop,1000,32
18481,highway,crossing,500,7
63469,highway,bus_stop,1000,10
97693,highway,crossing,1000,148
69207,highway,bus_stop,1000,3
110666,highway,bus_stop,1000,8
136698,highway,traffic_signals,500,2
82079,highway,crossing,1000,291
104718,highway,crossing,1000,222
67983,highway,crossing,1000,12
68669,highway,traffic_signals,1000,3
75529,highway,turning_circle,1000,19
83549,highway,motorway_junction,1000,2
50093,highway,traffic_signals,1000,20
77049,highway,turning_circle,1000,30
34523,highway,turning_loop,1000,4
62291,highway,bus_stop,100,4
90925,highway,bus_stop,1000,12
109324,highway,traffic_signals,500,3
18287,highway,crossing,1000,246
114189,highway,stop,500,5
66183,highway,traffic_signals,1000,8
79147,highway,turning_circle,1000,15
69447,highway,give_way,1000,12
112366,highway,crossing,1000,8
134246,highway,turning_circle,1000,2
122079,highway,motorway_junction,500,1
67459,highway,turning_circle,1000,14
119567,highway,stop,1000,53
66029,highway,stop,500,1
78819,highway,crossing,500,66
74161,highway,stop,1000,4
78041,highway,turning_circle,1000,12
112008,highway,bus_stop,500,2
112688,highway,turning_loop,1000,2
79337,highway,turning_circle,1000,27
63931,highway,turning_circle,100,1
48633,highway,traffic_signals,100,1
28425,highway,motorway_junction,1000,4
25507,highway,crossing,1000,14
103960,highway,stop,1000,2
99657,highway,stop,500,34
84357,highway,stop,500,7
81047,highway,bus_stop,500,3
70009,highway,crossing,500,9
62455,highway,turning_circle,1000,9
104432,highway,crossing,500,66
75061,highway,stop,1000,7
80735,highway,turning_circle,500,9
63931,highway,turning_loop,1000,1
81731,highway,turning_circle,100,1
16541,highway,traffic_signals,500,5
16541,highway,stop,500,11
9162,highway,turning_circle,1000,20
37271,highway,bus_stop,500,7
65259,highway,turning_circle,1000,12
94955,highway,priority,1000,29
73755,highway,turning_circle,1000,14
84997,highway,traffic_signals,500,2
104672,highway,traffic_signals,500,5
103850,highway,traffic_signals,500,2
112008,highway,bus_stop,1000,34
39665,highway,bus_stop,1000,3
121439,highway,crossing,1000,28
79617,highway,stop,1000,8
57355,highway,crossing,500,1
61193,highway,traffic_signals,1000,11
104708,highway,turning_circle,500,1
19157,highway,priority,500,3
114379,highway,bus_stop,1000,17
16073,highway,stop,100,1
56777,highway,bus_stop,500,7
71503,highway,turning_circle,1000,10
114189,highway,crossing,1000,8
18287,highway,street_lamp,1000,2
53299,highway,turning_circle,1000,5
76465,highway,traffic_signals,500,1
78615,highway,turning_circle,100,1
62291,highway,stop,500,10
101221,highway,turning_loop,1000,5
90925,highway,give_way,1000,1
22459,highway,stop,1000,1
76355,highway,turning_circle,1000,1
121313,highway,turning_circle,100,1
6244,highway,stop,1000,5
89911,highway,traffic_signals,500,21
20547,highway,turning_circle,1000,12
4103,highway,turning_circle,500,13
55325,highway,turning_circle,100,1
51371,highway,bus_stop,1000,17
72817,highway,street_lamp,500,4
76377,highway,turning_circle,1000,11
18481,highway,turning_circle,1000,3
84997,highway,bus_stop,1000,3
19157,highway,stop,100,1
53299,highway,stop,1000,17
103850,highway,turning_circle,1000,6
53517,highway,motorway_junction,1000,3
19335,highway,stop,1000,17
68393,highway,bus_stop,500,8
98865,highway,traffic_signals,1000,15
53027,highway,traffic_signals,1000,2
76465,highway,bus_stop,100,2
66029,highway,turning_circle,1000,11
86273,highway,turning_circle,1000,16
78819,highway,turning_circle,1000,14
20165,highway,stop,1000,102
80519,highway,bus_stop,1000,4
4431,highway,mini_roundabout,1000,1
114189,highway,give_way,1000,2
75021,highway,stop,1000,2
87815,highway,motorway_junction,1000,3
26379,highway,crossing,500,13
64763,highway,turning_circle,1000,13
12857,highway,stop,1000,1
83227,highway,turning_circle,500,5
60353,highway,stop,100,2
75739,highway,turning_circle,1000,32
53401,highway,stop,500,21
61619,highway,turning_circle,500,2
120513,highway,turning_circle,1000,2
78041,highway,bus_stop,100,2
111590,highway,street_lamp,1000,1
77711,highway,turning_circle,500,7
62185,highway,crossing,1000,18
86887,highway,turning_circle,500,1
96087,highway,turning_circle,1000,5
12719,highway,traffic_signals,500,2
83549,highway,motorway_junction,500,1
16541,highway,bus_stop,500,10
12719,highway,street_lamp,1000,7
65437,highway,stop,500,56
78819,highway,crossing,1000,268
114889,highway,stop,1000,14
109324,highway,turning_circle,500,2
103850,highway,bus_stop,100,1
11416,highway,crossing,1000,20
2350,highway,turning_circle,1000,21
2362,highway,stop,1000,6
82337,highway,turning_loop,1000,1
89911,highway,motorway_junction,1000,6
122079,highway,give_way,1000,18
16541,highway,crossing,1000,65
111998,highway,traffic_signals,1000,6
73667,highway,traffic_signals,1000,9
53401,highway,crossing,1000,41
16073,highway,street_lamp,1000,3
82991,highway,turning_circle,1000,5
59873,highway,motorway_junction,1000,1
71525,highway,mini_roundabout,1000,2
66183,highway,crossing,500,5
115705,highway,crossing,100,4
136698,highway,crossing,1000,4
62419,highway,bus_stop,500,4
112242,highway,stop,500,2
55277,highway,motorway_junction,1000,9
113066,highway,stop,500,3
60833,highway,bus_stop,500,2
49327,highway,crossing,1000,1
19573,highway,motorway_junction,1000,2
84997,highway,turning_circle,1000,44
86407,highway,bus_stop,500,7
84997,highway,bus_stop,500,1
120513,highway,stop,1000,2
109324,highway,crossing,1000,17
82079,highway,street_lamp,500,77
48633,highway,traffic_signals,1000,12
89725,highway,traffic_signals,500,9
4103,highway,turning_circle,1000,38
40827,highway,turning_circle,100,1
1680,highway,turning_circle,500,8
110494,highway,turning_circle,1000,15
22963,highway,turning_circle,1000,13
56777,highway,bus_stop,1000,12
112688,highway,turning_circle,1000,21
65227,highway,bus_stop,500,9
26561,highway,bus_stop,1000,1
87815,highway,crossing,1000,15
78107,highway,crossing,1000,134
79715,highway,turning_circle,1000,5
9162,highway,crossing,1000,20
83041,highway,give_way,1000,1
63469,highway,crossing,1000,226
84997,highway,motorway_junction,1000,1
80691,highway,crossing,1000,5
22963,highway,stop,500,16
134314,highway,bus_stop,500,4
78819,highway,bus_stop,1000,9
114379,highway,give_way,1000,1
82055,highway,give_way,1000,1
82079,highway,street_lamp,1000,150
78267,highway,bus_stop,1000,1
72081,highway,bus_stop,1000,8
55449,highway,stop,1000,20
98865,highway,stop,500,7
96949,highway,traffic_signals,500,4
50093,highway,stop,500,1
89847,highway,turning_circle,1000,9
117939,highway,stop,1000,3
60663,highway,crossing,100,3
69835,highway,traffic_signals,1000,2
112834,highway,crossing,1000,379
57787,highway,traffic_signals,500,7
63469,highway,stop,100,1
69909,highway,bus_stop,100,2
78267,highway,stop,500,2
78031,highway,bus_stop,500,1
70007,highway,turning_circle,500,1
98085,highway,turning_circle,1000,1
57355,highway,traffic_signals,1000,12
15803,highway,stop,1000,2
4431,highway,traffic_signals,1000,15
37703,highway,turning_circle,500,6
67459,highway,crossing,1000,145
64469,highway,traffic_signals,500,2
6228,highway,traffic_signals,1000,21
84207,highway,turning_circle,1000,27
60833,highway,turning_circle,500,3
28503,highway,traffic_signals,1000,11
89911,highway,stop,1000,15
60663,highway,crossing,1000,107
55449,highway,stop,500,5
34523,highway,stop,1000,40
80519,highway,turning_circle,500,5
63421,highway,stop,1000,5
75739,highway,crossing,1000,95
22461,highway,stop,1000,5
112008,highway,turning_circle,1000,8
97693,highway,turning_circle,1000,5
70669,highway,bus_stop,1000,30
113206,highway,street_lamp,1000,2
51301,highway,street_lamp,1000,12
112366,highway,turning_circle,100,1
78031,highway,turning_circle,100,2
111940,highway,turning_circle,500,7
51577,highway,turning_circle,500,5
125965,highway,turning_circle,1000,2
121601,highway,crossing,1000,3
128231,highway,traffic_signals,1000,26
76377,highway,stop,500,7
53517,highway,turning_circle,1000,11
113052,highway,traffic_signals,1000,4
69599,highway,turning_loop,500,1
86887,highway,turning_circle,1000,7
4103,highway,traffic_signals,500,4
98713,highway,turning_circle,1000,23
89911,highway,street_lamp,1000,1
73667,highway,stop,1000,203
112310,highway,give_way,1000,2
53401,highway,crossing,500,1
82991,highway,crossing,1000,209
77807,highway,stop,1000,14
14885,highway,turning_circle,500,3
75021,highway,crossing,1000,21
75061,highway,traffic_signals,1000,14
9168,highway,traffic_signals,1000,16
78107,highway,stop,1000,11
37271,highway,traffic_signals,500,2
14973,highway,traffic_signals,1000,25
19601,highway,turning_circle,500,1
89911,highway,stop,500,9
110602,highway,stop,1000,2
73667,highway,bus_stop,1000,16
99657,highway,street_lamp,1000,1
109324,highway,crossing,500,5
112242,highway,traffic_signals,1000,2
104460,highway,stop,1000,34
113066,highway,mini_roundabout,1000,2
122079,highway,turning_circle,500,3
55325,highway,crossing,1000,1
67779,highway,stop,500,14
112310,highway,turning_circle,1000,28
80519,highway,turning_circle,1000,17
90925,highway,stop,500,9
16073,highway,traffic_signals,1000,6
18883,highway,stop,1000,17
134314,highway,crossing,500,49
40471,highway,bus_stop,500,9
111998,highway,stop,500,7
38371,highway,stop,1000,3
51301,highway,traffic_signals,500,21
85867,highway,turning_circle,500,1
51301,highway,crossing,1000,472
74161,highway,turning_circle,100,1
120513,highway,traffic_signals,1000,4
85823,highway,crossing,100,12
26379,highway,traffic_signals,1000,3
70007,highway,stop,500,13
122079,highway,stop,1000,67
51681,highway,turning_circle,500,9
76465,highway,motorway_junction,1000,2
61015,highway,turning_loop,1000,1
12719,highway,street_lamp,500,2
37009,highway,traffic_signals,1000,12
112310,highway,stop,1000,49
62291,highway,motorway_junction,500,1
84357,highway,stop,1000,7
70701,highway,give_way,1000,1
61619,highway,turning_circle,1000,12
74161,highway,bus_stop,1000,29
37725,highway,bus_stop,100,1
61321,highway,bus_stop,1000,1
83549,highway,traffic_signals,1000,13
6218,highway,traffic_signals,1000,9
86383,highway,turning_circle,500,9
